﻿<?xml version='1.0' encoding='UTF-8'?>
<omtdx version="23" srcType="standard" match-formulas-by-expression="true" match-material-by-provider="fraisa" tecset-values-outdated="true">
    <technologyPurposes>
        <technologyPurpose name="Roughing radially, full cut" />
    </technologyPurposes>
    <formulas>
        <formula name="fZ" type="feedrate">
            <param name="formula" value="fz*z*n" />
        </formula>
        <formula name="feedrateAxial" type="feedrate">
            <param name="formula" value="fz*z*n/3" />
        </formula>
        <formula name="feedrateReduced" type="feedrate">
            <param name="formula" value="fz*z*n*0.7" />
        </formula>
        <formula name="fN" type="speed">
            <param name="formula" value="(Vc*1000)/(d*pi)" />
        </formula>
    </formulas>
    <materials>
        <material name="Ti5Al2Sn2Zr4Mo4Cr Alliage Alpha-Beta" />
    </materials>
    <cuttingMaterials>
        <cuttingMaterial name="ASR">
            <params />
        </cuttingMaterial>
    </cuttingMaterials>
    <couplings />
    <coolants>
        <coolant number="1">
            <param name="comment" value="External coolant" />
            <param name="type" value="external" />
        </coolant>
    </coolants>
    <tools>
        <tool type="Tslotcutter" name="U0905900">
            <param name="comment" value="Fraises à rainures null" />
            <param name="orderingCode" value="U0905900" />
            <param name="manufacturer" value="FRAISA" />
            <param name="cuttingMaterial" value="ASR" />
            <param name="lengthOfUnit" value="mm" />
            <param name="toolTotalLength" value="71" />
            <param name="cuttingEdges" value="14" />
            <param name="cuttingLength" value="0" />
            <param name="toolShaftType" value="parametric" />
            <param name="toolShaftDiameter" value="12" />
            <param name="toolShaftChamferDefMode" value="abs" />
            <param name="toolShaftChamferAbsPos" value="24" />
            <param name="toolDiameter" value="45.5" />
            <param name="taperHeight" value="24" />
            <param name="collar" value="1" />
            <param name="tipDiameter" value="11" />
            <param name="cornerRadius" value="1e-05" />
            <param name="coreDiameter" value="0" />
            <param name="coreHeight" value="0" />
            <param name="discHeight" value="10" />
            <tecsets>
                <tecset type="milling">
                    <param name="material" value="Ti5Al2Sn2Zr4Mo4Cr Alliage Alpha-Beta" />
                    <param name="purpose" value="Roughing radially, full cut" />
                    <param name="lengthOfUnit" value="mm" />
                    <param name="spindleSpeedFormula" value="fN" />
                    <param name="cuttingSpeed" value="10" />
                    <param name="coolants" value="1" />
                    <param name="cuttingDirection" value="upAndDown" />
                    <param name="feedratePerEdge" value="0.06" />
                    <param name="cuttingWidth" value="10" />
                    <param name="cuttingLength" value="12" />
                    <param name="plungeAngle" value="0" />
                    <param name="planeFeedrateFormula" value="fZ" />
                    <param name="zFeedrateFormula" value="feedrateAxial" />
                    <param name="reducedFeedrateFormula" value="feedrateReduced" />
                </tecset>
            </tecsets>
        </tool>
    </tools>
</omtdx>