<?xml version="1.0" encoding="utf-8"?>
<!DOCTYPE Tool-Data SYSTEM "https://doi.org/10.31030/20201023001dtd">
<Tool-Data>
	<TimeStamp>2023-7-20T9:48:9+01:00</TimeStamp>
	<Tool>
		<Main-Data>
			<NormVersion>2021-05</NormVersion>
			<Manufacturer>HOG</Manufacturer>
			<PrimaryId>139526 M3</PrimaryId>
			<Supplier>HOG</Supplier>
			<CustomerMaterialId>139526 M3</CustomerMaterialId>
		</Main-Data>
		<Category>
			<Category-Data>
				<Source>DIN</Source>
				<Level>1</Level>
				<PropertyName source="din_mk">NSM</PropertyName>
				<Value>DIN4000-82</Value>
			</Category-Data>
			<Category-Data>
				<Source>DIN</Source>
				<Level>2</Level>
				<PropertyName source="din_mk">BLD</PropertyName>
				<Value>10</Value>
			</Category-Data>
		</Category>
		<Properties>
			<Property-Data>
				<PropertyName source="din_mk">A5</PropertyName>
				<Value>1,65</Value>
			</Property-Data>
			<Property-Data>
				<PropertyName source="din_mk">B2</PropertyName>
				<Value>1</Value>
			</Property-Data>
			<Property-Data>
				<PropertyName source="din_mk">B3</PropertyName>
				<Value>22</Value>
			</Property-Data>
			<Property-Data>
				<PropertyName source="din_mk">B4</PropertyName>
				<Value>8</Value>
			</Property-Data>
			<Property-Data>
				<PropertyName source="din_mk">B5</PropertyName>
				<Value>58</Value>
			</Property-Data>
			<Property-Data>
				<PropertyName source="din_mk">B71</PropertyName>
				<Value>58</Value>
			</Property-Data>
			<Property-Data>
				<PropertyName source="din_mk">C3</PropertyName>
				<Value>6</Value>
			</Property-Data>
			<Property-Data>
				<PropertyName source="din_mk">C31</PropertyName>
				<Value>h6</Value>
			</Property-Data>
			<Property-Data>
				<PropertyName source="din_mk">C32</PropertyName>
				<Value>0</Value>
			</Property-Data>
			<Property-Data>
				<PropertyName source="din_mk">C33</PropertyName>
				<Value>-8</Value>
			</Property-Data>
			<Property-Data>
				<PropertyName source="din_mk">C4</PropertyName>
				<Value>36</Value>
			</Property-Data>
			<Property-Data>
				<PropertyName source="din_mk">D31</PropertyName>
				<Value>M</Value>
			</Property-Data>
			<Property-Data>
				<PropertyName source="din_mk">D32</PropertyName>
				<Value>0,5</Value>
			</Property-Data>
			<Property-Data>
				<PropertyName source="din_mk">D33</PropertyName>
				<Value>50,8</Value>
			</Property-Data>
			<Property-Data>
				<PropertyName source="din_mk">D34</PropertyName>
				<Value>3</Value>
			</Property-Data>
			<Property-Data>
				<PropertyName source="din_mk">D35</PropertyName>
				<Value>0,118</Value>
			</Property-Data>
			<Property-Data>
				<PropertyName source="din_mk">D36</PropertyName>
				<Value>3/25,4</Value>
			</Property-Data>
			<Property-Data>
				<PropertyName source="din_mk">D5</PropertyName>
				<Value>6.3/10000</Value>
			</Property-Data>
			<Property-Data>
				<PropertyName source="din_mk">D6</PropertyName>
				<Value>30000</Value>
			</Property-Data>
			<Property-Data>
				<PropertyName source="din_mk">E2</PropertyName>
				<Value>7</Value>
			</Property-Data>
			<Property-Data>
				<PropertyName source="din_mk">E3</PropertyName>
				<Value>4</Value>
			</Property-Data>
			<Property-Data>
				<PropertyName source="din_mk">F1</PropertyName>
				<Value>L</Value>
			</Property-Data>
			<Property-Data>
				<PropertyName source="din_mk">F21</PropertyName>
				<Value>4</Value>
			</Property-Data>
			<Property-Data>
				<PropertyName source="din_mk">F3</PropertyName>
				<Value>R</Value>
			</Property-Data>
			<Property-Data>
				<PropertyName source="din_mk">F4</PropertyName>
				<Value>10</Value>
			</Property-Data>
			<Property-Data>
				<PropertyName source="din_mk">F5</PropertyName>
				<Value>10</Value>
			</Property-Data>
			<Property-Data>
				<PropertyName source="din_mk">H11</PropertyName>
				<Value>P</Value>
			</Property-Data>
			<Property-Data>
				<PropertyName source="din_mk">H12</PropertyName>
				<Value>HC-P10</Value>
			</Property-Data>
			<Property-Data>
				<PropertyName source="din_mk">H13</PropertyName>
				<Value>HC-P10</Value>
			</Property-Data>
			<Property-Data>
				<PropertyName source="din_mk">H21</PropertyName>
				<Value>8</Value>
			</Property-Data>
			<Property-Data>
				<PropertyName source="din_mk">H22</PropertyName>
				<Value>7</Value>
			</Property-Data>
			<Property-Data>
				<PropertyName source="din_mk">H3</PropertyName>
				<Value>K55SF</Value>
			</Property-Data>
			<Property-Data>
				<PropertyName source="din_mk">H4</PropertyName>
				<Value>H</Value>
			</Property-Data>
			<Property-Data>
				<PropertyName source="din_mk">H5</PropertyName>
				<Value>ALCRONOS</Value>
			</Property-Data>
			<Property-Data>
				<PropertyName source="din_mk">J61</PropertyName>
				<Value>ZYL01G0600h$06</Value>
			</Property-Data>
			<Property-Data>
				<PropertyName source="din_mk">J7</PropertyName>
				<Value>0</Value>
			</Property-Data>
			<Property-Data>
				<PropertyName source="din_mk">J8</PropertyName>
				<Value>FSB</Value>
			</Property-Data>
		</Properties>
		<Block name="Trennstellenkodierung maschinenseitig" index="1">
			<Property-Data>
				<PropertyName source="din_mk">C11</PropertyName>
				<Value>ZYL</Value>
			</Property-Data>
			<Property-Data>
				<PropertyName source="din_mk">C12</PropertyName>
				<Value>01</Value>
			</Property-Data>
			<Property-Data>
				<PropertyName source="din_mk">C14</PropertyName>
				<Value>1</Value>
			</Property-Data>
			<Property-Data>
				<PropertyName source="din_mk">C15</PropertyName>
				<Value>5</Value>
			</Property-Data>
			<Property-Data>
				<PropertyName source="din_mk">C2</PropertyName>
				<Value>0060</Value>
			</Property-Data>
		</Block>
	</Tool>
</Tool-Data>