<?xml version="1.0" encoding="utf-8"?>
<!DOCTYPE Tool-Data SYSTEM "https://doi.org/10.31030/20201023001dtd">
<Tool-Data>
	<TimeStamp>2023-7-20T19:5:14+01:00</TimeStamp>
	<Tool>
		<Main-Data>
			<NormVersion>2021-05</NormVersion>
			<Manufacturer>HOG</Manufacturer>
			<PrimaryId>111100 4</PrimaryId>
			<Supplier>HOG</Supplier>
			<CustomerMaterialId>111100 4</CustomerMaterialId>
		</Main-Data>
		<Category>
			<Category-Data>
				<Source>DIN</Source>
				<Level>1</Level>
				<PropertyName source="din_mk">NSM</PropertyName>
				<Value>DIN4000-81</Value>
			</Category-Data>
			<Category-Data>
				<Source>DIN</Source>
				<Level>2</Level>
				<PropertyName source="din_mk">BLD</PropertyName>
				<Value>7</Value>
			</Category-Data>
		</Category>
		<Properties>
			<Property-Data>
				<PropertyName source="din_mk">A11</PropertyName>
				<Value>4</Value>
			</Property-Data>
			<Property-Data>
				<PropertyName source="din_mk">A11_2</PropertyName>
				<Value>10</Value>
			</Property-Data>
			<Property-Data>
				<PropertyName source="din_mk">B2_2</PropertyName>
				<Value>10,65</Value>
			</Property-Data>
			<Property-Data>
				<PropertyName source="din_mk">B3</PropertyName>
				<Value>27,5</Value>
			</Property-Data>
			<Property-Data>
				<PropertyName source="din_mk">B4</PropertyName>
				<Value>10,65</Value>
			</Property-Data>
			<Property-Data>
				<PropertyName source="din_mk">B5</PropertyName>
				<Value>55</Value>
			</Property-Data>
			<Property-Data>
				<PropertyName source="din_mk">B6</PropertyName>
				<Value>20,5</Value>
			</Property-Data>
			<Property-Data>
				<PropertyName source="din_mk">B7</PropertyName>
				<Value>1,2</Value>
			</Property-Data>
			<Property-Data>
				<PropertyName source="din_mk">C3</PropertyName>
				<Value>10</Value>
			</Property-Data>
			<Property-Data>
				<PropertyName source="din_mk">C4</PropertyName>
				<Value>0</Value>
			</Property-Data>
			<Property-Data>
				<PropertyName source="din_mk">D1</PropertyName>
				<Value>2</Value>
			</Property-Data>
			<Property-Data>
				<PropertyName source="din_mk">D2</PropertyName>
				<Value>R</Value>
			</Property-Data>
			<Property-Data>
				<PropertyName source="din_mk">D3</PropertyName>
				<Value>5</Value>
			</Property-Data>
			<Property-Data>
				<PropertyName source="din_mk">E1</PropertyName>
				<Value>118</Value>
			</Property-Data>
			<Property-Data>
				<PropertyName source="din_mk">E4_2</PropertyName>
				<Value>60</Value>
			</Property-Data>
			<Property-Data>
				<PropertyName source="din_mk">F3</PropertyName>
				<Value>A</Value>
			</Property-Data>
			<Property-Data>
				<PropertyName source="din_mk">H3</PropertyName>
				<Value>HSS-E TIALN</Value>
			</Property-Data>
			<Property-Data>
				<PropertyName source="din_mk">J21</PropertyName>
				<Value>111100 4</Value>
			</Property-Data>
			<Property-Data>
				<PropertyName source="din_mk">J22</PropertyName>
				<Value>Zentrierbohrer HSS-E</Value>
			</Property-Data>
			<Property-Data>
				<PropertyName source="din_mk">J3</PropertyName>
				<Value>HOG</Value>
			</Property-Data>
		</Properties>
	</Tool>
</Tool-Data>