file;file;fichier;ficheiro
setup;setup;configuration;configuração
language;language;langue;idioma
tool_setup;tool setup;configuration outil;configuração ferramenta
holder_setup;holder setup;configuration porte-outil;configuração porta-ferramenta
open;open;ouvrir;abrir
save;save;enregistrer;gravar
cancel;cancel;annuler;cancelar
close;close;fermer;fechar
edit;edit;éditer;editar
delete;delete;supprimer;apagar
duplicate;duplicate;dupliquer;duplicar
cut;cut;couper;cortar
copy;copy;copier;copiar
paste;paste;coller;colar
selectAll;select all;sélectionner tout;selecionar tudo
unselectAll;unselect all;déselectionner tout;deselecionar tudo
invertSelection;invert selection;inverser la sélection;inverter seleção
find;find;rechercher;procurar
findNext;find next;rechercher suivant;procurar seguinte
findPrevious;find previous;rechercher précédent;procurar anterior
replace;replace;remplacer;substituir
replaceNext;replace next;remplacer suivant;substituir seguinte
replacePrevious;replace previous;remplacer précédent;substituir anterior
replaceFind;replace find;rechercher et remplacer;procurar e substituir
undo;undo;annuler;desfazer
redo;redo;refaire;refazer
exit;exit;quitter;sair
create;create;créer;criar
createToolWithHolder;into to holder;dans le porte-outil;no suporte
importXml;import Xml file;importer fichier Xml;importar ficheiro Xml
importSTEP;import STEP file;importer fichier STEP;importar ficheiro STEP
exportXml;export to Xml;exporter vers Xml;exportar Xml
importJson;import from Json;importer depuis Json;importar Json
exportJson;export to Json;exporter vers Json;exportar Json
importCsv;import from CSV;importer depuis CSV;importar CSV
exportCsv;export to CSV;exporter vers CSV;exportar CSV
importXls;import from XLS;importer depuis XLS;importar XLS
exportXls;export to XLS;exporter vers XLS;exportar XLS
pasteISO;Paste tool ISO13999;Coller outil ISO13999;Colar ferramenta ISO13999
tools;tools;outils;ferramentas
tool;tool;outil;ferramenta
help;help;aide;ajuda
about;about;à propos;acerca
aboutText;This application is a generic tool to manage data. It is based on the following technologies:;Cette application est un outil générique de gestion de données.;Esta aplicação é uma ferramenta genérica de gestão de dados.
name;name;nom;nome
value;value;valeur;valor
type;type;type;tipo
description;description;description;descrição
D1;cut diameter;diamètre de coupe;diâmetro de corte
D2;neck diameter;diamètre utile;diâmetro útil
D3;shank diameter;diamètre de queue;diâmetro de haste
L1;cut length;longueur de coupe;comprimento de corte
L2;neck length;longueur utile;comprimento útil
L3;total length;longueur totale;comprimento total
z;number of teeth;nombre de dents;número de dentes
cornerRadius;corner radius;rayon de coin;raio de canto
cornerAngle;corner angle;angle de coin;ângulo de canto
cornerChamfer;corner chamfer;chanfrein de coin;chanfro de canto
neckAngle;neck angle;angle de dépouille;ângulo de ataque
rakeAngle;rake angle;angle de dépouille;ângulo de ataque
helixAngle;helix angle;angle d'hélice;ângulo de hélice
centerCut;center cut;coupe au centre;corte ao centro
coolantType;coolant type;type de lubrification;tipo de lubrificação
coolantThrough;coolant through;arrosage interne;refrigeração interna
coolantSide;external coolant;arrosage externe;refrigeração externa
material;material;matériau;material
materialClass;material class;classe de matériau;classe de material
threadType;thread type;type de filetage;tipo de rosca
threadPitch;thread pitch;pas de filetage;passo de rosca
threadDirection;thread direction;sens de filetage;sentido de rosca
manufacturer;manufacturer;fabricant;fabricante
manufacturerCode;manufacturer code;code fabricant;código fabricante
manufacturerRef;manufacturer reference;référence fabricant;referência fabricante
codeBar;code bar;code barre;código de barras
comm;comment;commentaire;comentário
stock;stock;stock;stock
price;price;prix;preço
currency;currency;devise;moeda
unit;unit;unité;unidade
unitPrice;unit price;prix unitaire;preço unitário
unitCost;unit cost;coût unitaire;custo unitário
unitWeight;unit weight;poids unitaire;peso unitário
unitLength;unit length;longueur unitaire;comprimento unitário
unitSurface;unit surface;surface unitaire;superfície unitária
unitVolume;unit volume;volume unitaire;volume unitário
unitTime;unit time;temps unitaire;tempo unitário
TSid;TopSolid id;id TopSolid;id TopSolid
tools_readed_db;Tools readed from database;Outils lus depuis la base de données;Ferramentas lidas da base de dados
sideMill;Side Mill;Fraise;Fresa
endMill;End Mill;Fraise;Fresa de topo
radiusMill;Radius Mill;Fraise à rayon;Fresa de raio
ballNoseMill;Ball Nose Mill;Fraise hemisphérique;Fresa esférica
chamferMill;Chamfer Mill;Fraise à chanfreiner;Fresa de chanfro
tSlotMill;T Slot Mill;Fraise à T;Fresa em T
dovetailMill;Dovetail Mill;Fraise à queue d'aronde;Fresa de cunha
spotDrill;Spotting Drill;Foret à pointer;Broca de pontear
centerDrill;Center Drill;Foret à centrer;Broca de centrar
twistedDrill;Twisted Drill;Foret hélicoïdal;Broca helicoidal
tap;Tap;Taraud;Machos
threadMill;Thread Mill;Fraise à fileter;Fresa de rosquear
reamer;Reamer;Alésoir;Alargador
drill;Drill;Foret;Broca
insert;Insert;Plaquette;Pastilha
holder;Holder;Porte-outil;Suporte
toolHolder;Tool Holder;Porte-outil;Suporte de ferramenta
toolHolderType;Tool Holder Type;Type de porte-outil;Tipo de suporte
toolHolderRef;Tool Holder Reference;Référence porte-outil;Referência do suporte
toolHolderName;Tool Holder Name;Nom porte-outil;Nome do suporte
toolHolderDescription;Tool Holder Description;Description porte-outil;Descrição do suporte
toolHolderManufacturer;Tool Holder Manufacturer;Fabricant porte-outil;Fabricante do suporte
toolHolderManufacturerCode;Tool Holder Manufacturer Code;Code fabricant porte-outil;Código fabricante do suporte
toolHolderManufacturerRef;Tool Holder Manufacturer Reference;Référence fabricant porte-outil;Referência fabricante do suporte
toolHolderMaterial;Tool Holder Material;Matériau porte-outil;Material do suporte
toolHolderMaterialClass;Tool Holder
Material Class;Classe de matériau porte-outil;Classe de material do suporte
toolHolderTSid;Tool Holder TopSolid id;id TopSolid porte-outil;id TopSolid do suporte