﻿<?xml version='1.0' encoding='UTF-8'?>
<omtdx version="23" srcType="standard" match-formulas-by-expression="true" match-material-by-provider="fraisa" tecset-values-outdated="true">
    <technologyPurposes>
        <technologyPurpose name="Roughing HDC-P, partial cut" />
    </technologyPurposes>
    <formulas>
        <formula name="fZ" type="feedrate">
            <param name="formula" value="fz*z*n" />
        </formula>
        <formula name="feedrateAxial" type="feedrate">
            <param name="formula" value="fz*z*n/3" />
        </formula>
        <formula name="feedrateReduced" type="feedrate">
            <param name="formula" value="fz*z*n*0.7" />
        </formula>
        <formula name="fN" type="speed">
            <param name="formula" value="(Vc*1000)/(d*pi)" />
        </formula>
    </formulas>
    <materials>
        <material name="2024 wrougth alloys n.hard.  30-80 HB" />
    </materials>
    <cuttingMaterials>
        <cuttingMaterial name="Solid carbide">
            <params name="predefinedObjGuid" value="{3755D6C7-90E4-4134-AD07-72FE5EB19F63}" />
        </cuttingMaterial>
    </cuttingMaterials>
    <couplings />
    <coolants>
        <coolant number="1">
            <param name="comment" value="External coolant" />
            <param name="type" value="external" />
        </coolant>
    </coolants>
    <tools>
        <tool type="endMill" name="15506610">
            <param name="comment" value="Cylindrical end mills AX-FPS medium long" />
            <param name="orderingCode" value="15506610" />
            <param name="manufacturer" value="FRAISA" />
            <param name="cuttingMaterial" value="Solid carbide" />
            <param name="lengthOfUnit" value="mm" />
            <param name="toolTotalLength" value="108" />
            <param name="cuttingEdges" value="3" />
            <param name="cuttingLength" value="48" />
            <param name="toolShaftType" value="none" />
            <param name="toolShaftDiameter" value="16" />
            <param name="toolShaftChamferDefMode" value="abs" />
            <param name="toolShaftChamferAbsPos" value="0" />
            <param name="toolDiameter" value="16" />
            <param name="taperHeight" value="48" />
            <param name="collar" value="1" />
            <param name="tipDiameter" value="16" />
            <param name="cornerRadius" value="0.2" />
            <param name="coreDiameter" value="0" />
            <param name="coreHeight" value="0" />
            <param name="discHeight" value="0" />
            <tecsets>
                <tecset type="milling">
                    <param name="material" value="2024 wrougth alloys n.hard.  30-80 HB" />
                    <param name="purpose" value="Roughing HDC-P, partial cut" />
                    <param name="lengthOfUnit" value="mm" />
                    <param name="spindleSpeedFormula" value="fN" />
                    <param name="cuttingSpeed" value="500" />
                    <param name="coolants" value="1" />
                    <param name="cuttingDirection" value="upAndDown" />
                    <param name="feedratePerEdge" value="0.3" />
                    <param name="cuttingWidth" value="4.8" />
                    <param name="cuttingLength" value="48" />
                    <param name="plungeAngle" value="0" />
                    <param name="planeFeedrateFormula" value="fZ" />
                    <param name="zFeedrateFormula" value="feedrateAxial" />
                    <param name="reducedFeedrateFormula" value="feedrateReduced" />
                </tecset>
            </tecsets>
        </tool>
    </tools>
</omtdx>