<?xml version="1.0" encoding="utf-8"?>
<!DOCTYPE Tool-Data SYSTEM "https://doi.org/10.31030/20201023001dtd">
<Tool-Data>
	<TimeStamp>2023-7-21T6:21:49+01:00</TimeStamp>
	<Tool>
		<Main-Data>
			<NormVersion>2021-05</NormVersion>
			<Manufacturer>HOG</Manufacturer>
			<PrimaryId>207125 16</PrimaryId>
			<Supplier>HOG</Supplier>
			<CustomerMaterialId>207125 16</CustomerMaterialId>
		</Main-Data>
		<Category>
			<Category-Data>
				<Source>DIN</Source>
				<Level>1</Level>
				<PropertyName source="din_mk">NSM</PropertyName>
				<Value>DIN4000-82</Value>
			</Category-Data>
			<Category-Data>
				<Source>DIN</Source>
				<Level>2</Level>
				<PropertyName source="din_mk">BLD</PropertyName>
				<Value>6</Value>
			</Category-Data>
		</Category>
		<Properties>
			<Property-Data>
				<PropertyName source="din_mk">A1</PropertyName>
				<Value>16</Value>
			</Property-Data>
			<Property-Data>
				<PropertyName source="din_mk">B2</PropertyName>
				<Value>22</Value>
			</Property-Data>
			<Property-Data>
				<PropertyName source="din_mk">B3</PropertyName>
				<Value>34</Value>
			</Property-Data>
			<Property-Data>
				<PropertyName source="din_mk">B5</PropertyName>
				<Value>82</Value>
			</Property-Data>
			<Property-Data>
				<PropertyName source="din_mk">B6</PropertyName>
				<Value>0</Value>
			</Property-Data>
			<Property-Data>
				<PropertyName source="din_mk">C3</PropertyName>
				<Value>16</Value>
			</Property-Data>
			<Property-Data>
				<PropertyName source="din_mk">C4</PropertyName>
				<Value>56,45</Value>
			</Property-Data>
			<Property-Data>
				<PropertyName source="din_mk">E2</PropertyName>
				<Value>0</Value>
			</Property-Data>
			<Property-Data>
				<PropertyName source="din_mk">E3</PropertyName>
				<Value>0</Value>
			</Property-Data>
			<Property-Data>
				<PropertyName source="din_mk">F1</PropertyName>
				<Value>L</Value>
			</Property-Data>
			<Property-Data>
				<PropertyName source="din_mk">F3</PropertyName>
				<Value>R</Value>
			</Property-Data>
			<Property-Data>
				<PropertyName source="din_mk">F4</PropertyName>
				<Value>30</Value>
			</Property-Data>
			<Property-Data>
				<PropertyName source="din_mk">G4</PropertyName>
				<Value>8</Value>
			</Property-Data>
			<Property-Data>
				<PropertyName source="din_mk">H3</PropertyName>
				<Value>VHM TIALN</Value>
			</Property-Data>
			<Property-Data>
				<PropertyName source="din_mk">J21</PropertyName>
				<Value>207125 16</Value>
			</Property-Data>
			<Property-Data>
				<PropertyName source="din_mk">J22</PropertyName>
				<Value>VHM-Vollradiusfräser</Value>
			</Property-Data>
			<Property-Data>
				<PropertyName source="din_mk">J3</PropertyName>
				<Value>HOG</Value>
			</Property-Data>
		</Properties>
	</Tool>
</Tool-Data>