<?xml version="1.0" encoding="utf-8"?>
<!DOCTYPE Tool-Data SYSTEM "https://doi.org/10.31030/20201023001dtd">
<Tool-Data>
	<TimeStamp>2023-7-21T5:50:47+01:00</TimeStamp>
	<Tool>
		<Main-Data>
			<NormVersion>2021-05</NormVersion>
			<Manufacturer>HOG</Manufacturer>
			<PrimaryId>206322 10/3,5</PrimaryId>
			<Supplier>HOG</Supplier>
			<CustomerMaterialId>206322 10/3,5</CustomerMaterialId>
		</Main-Data>
		<Category>
			<Category-Data>
				<Source>DIN</Source>
				<Level>1</Level>
				<PropertyName source="din_mk">NSM</PropertyName>
				<Value>DIN4000-82</Value>
			</Category-Data>
			<Category-Data>
				<Source>DIN</Source>
				<Level>2</Level>
				<PropertyName source="din_mk">BLD</PropertyName>
				<Value>2</Value>
			</Category-Data>
		</Category>
		<Properties>
			<Property-Data>
				<PropertyName source="din_mk">A1</PropertyName>
				<Value>10</Value>
			</Property-Data>
			<Property-Data>
				<PropertyName source="din_mk">A5</PropertyName>
				<Value>9,2</Value>
			</Property-Data>
			<Property-Data>
				<PropertyName source="din_mk">B3</PropertyName>
				<Value>36</Value>
			</Property-Data>
			<Property-Data>
				<PropertyName source="din_mk">B5</PropertyName>
				<Value>73</Value>
			</Property-Data>
			<Property-Data>
				<PropertyName source="din_mk">B6</PropertyName>
				<Value>11</Value>
			</Property-Data>
			<Property-Data>
				<PropertyName source="din_mk">B71</PropertyName>
				<Value>36</Value>
			</Property-Data>
			<Property-Data>
				<PropertyName source="din_mk">C3</PropertyName>
				<Value>10</Value>
			</Property-Data>
			<Property-Data>
				<PropertyName source="din_mk">C31</PropertyName>
				<Value>h6</Value>
			</Property-Data>
			<Property-Data>
				<PropertyName source="din_mk">C32</PropertyName>
				<Value>0</Value>
			</Property-Data>
			<Property-Data>
				<PropertyName source="din_mk">C33</PropertyName>
				<Value>-0,009</Value>
			</Property-Data>
			<Property-Data>
				<PropertyName source="din_mk">C4</PropertyName>
				<Value>39,9</Value>
			</Property-Data>
			<Property-Data>
				<PropertyName source="din_mk">D11</PropertyName>
				<Value>L</Value>
			</Property-Data>
			<Property-Data>
				<PropertyName source="din_mk">D5</PropertyName>
				<Value>0</Value>
			</Property-Data>
			<Property-Data>
				<PropertyName source="din_mk">D6</PropertyName>
				<Value>25000</Value>
			</Property-Data>
			<Property-Data>
				<PropertyName source="din_mk">E2</PropertyName>
				<Value>0</Value>
			</Property-Data>
			<Property-Data>
				<PropertyName source="din_mk">E3</PropertyName>
				<Value>0</Value>
			</Property-Data>
			<Property-Data>
				<PropertyName source="din_mk">F1</PropertyName>
				<Value>R</Value>
			</Property-Data>
			<Property-Data>
				<PropertyName source="din_mk">F21</PropertyName>
				<Value>4</Value>
			</Property-Data>
			<Property-Data>
				<PropertyName source="din_mk">F22</PropertyName>
				<Value>4</Value>
			</Property-Data>
			<Property-Data>
				<PropertyName source="din_mk">F3</PropertyName>
				<Value>R</Value>
			</Property-Data>
			<Property-Data>
				<PropertyName source="din_mk">F4</PropertyName>
				<Value>30</Value>
			</Property-Data>
			<Property-Data>
				<PropertyName source="din_mk">F5</PropertyName>
				<Value>30</Value>
			</Property-Data>
			<Property-Data>
				<PropertyName source="din_mk">H11</PropertyName>
				<Value>VHM</Value>
			</Property-Data>
			<Property-Data>
				<PropertyName source="din_mk">H12</PropertyName>
				<Value>VHM</Value>
			</Property-Data>
			<Property-Data>
				<PropertyName source="din_mk">H13</PropertyName>
				<Value>VHM</Value>
			</Property-Data>
			<Property-Data>
				<PropertyName source="din_mk">H21</PropertyName>
				<Value>0</Value>
			</Property-Data>
			<Property-Data>
				<PropertyName source="din_mk">H22</PropertyName>
				<Value>0</Value>
			</Property-Data>
			<Property-Data>
				<PropertyName source="din_mk">H3</PropertyName>
				<Value>VHM TIALN</Value>
			</Property-Data>
			<Property-Data>
				<PropertyName source="din_mk">H4</PropertyName>
				<Value>H</Value>
			</Property-Data>
			<Property-Data>
				<PropertyName source="din_mk">H5</PropertyName>
				<Value>TIALN</Value>
			</Property-Data>
			<Property-Data>
				<PropertyName source="din_mk">J21</PropertyName>
				<Value>206322 10/3,5</Value>
			</Property-Data>
			<Property-Data>
				<PropertyName source="din_mk">J22</PropertyName>
				<Value>Diabolo VHM-Torusfräser</Value>
			</Property-Data>
			<Property-Data>
				<PropertyName source="din_mk">J3</PropertyName>
				<Value>HOG</Value>
			</Property-Data>
			<Property-Data>
				<PropertyName source="din_mk">J61</PropertyName>
				<Value>ZYL01000105</Value>
			</Property-Data>
			<Property-Data>
				<PropertyName source="din_mk">J7</PropertyName>
				<Value>0</Value>
			</Property-Data>
			<Property-Data>
				<PropertyName source="din_mk">J8</PropertyName>
				<Value>FEC,FPL,FFO,FZI</Value>
			</Property-Data>
		</Properties>
		<Block name="Anzahl der Eckausführungen" index="1">
			<Property-Data>
				<PropertyName source="din_mk">G1</PropertyName>
				<Value>3,5</Value>
			</Property-Data>
		</Block>
		<Block name="Trennstellenkodierung maschinenseitig" index="1">
			<Property-Data>
				<PropertyName source="din_mk">C11</PropertyName>
				<Value>ZYL</Value>
			</Property-Data>
			<Property-Data>
				<PropertyName source="din_mk">C12</PropertyName>
				<Value>01</Value>
			</Property-Data>
			<Property-Data>
				<PropertyName source="din_mk">C14</PropertyName>
				<Value>0</Value>
			</Property-Data>
			<Property-Data>
				<PropertyName source="din_mk">C15</PropertyName>
				<Value>5</Value>
			</Property-Data>
			<Property-Data>
				<PropertyName source="din_mk">C2</PropertyName>
				<Value>0100</Value>
			</Property-Data>
		</Block>
	</Tool>
</Tool-Data>