<?xml version="1.0" encoding="UTF-8" ?>
<!DOCTYPE Tool-Data SYSTEM "http://www.cimsource.com/DIN_4000_Schema.dtd">
<Tool-Data>
  <TimeStamp>2022-08-20-04:30</TimeStamp>
  <Tool>
    <Main-Data>
      <Manufacturer>CE</Manufacturer>
      <Supplier>CE</Supplier>
      <ID21002 Desc_DE="Kundensachnummer">52230120</ID21002>
    </Main-Data>
    <Category>
      <Category-Data>
        <Source>DIN</Source>
        <Level>1</Level>
        <PropertyName source="din_mk">NSM</PropertyName>
        <Value>DIN4000-82</Value>
      </Category-Data>
      <Category-Data>
        <Source>DIN</Source>
        <Level>2</Level>
        <PropertyName source="din_mk">BLD</PropertyName>
        <Value>1</Value>
      </Category-Data>
    </Category>
    <Properties>
      <Property-Data>
        <PropertyName source="din_mk">J21</PropertyName>
        <Value>52230120</Value>
      </Property-Data>
      <Property-Data>
        <PropertyName source="din_mk">NSM</PropertyName>
        <Value>DIN4000-82</Value>
      </Property-Data>
      <Property-Data>
        <PropertyName source="din_mk">J3</PropertyName>
        <Value>CE</Value>
      </Property-Data>
      <Property-Data>
        <PropertyName source="din_mk">BLD</PropertyName>
        <Value>1</Value>
      </Property-Data>
      <Property-Data>
        <PropertyName source="din_mk">A1</PropertyName>
        <Value>12</Value>
      </Property-Data>
      <Property-Data>
        <PropertyName source="din_mk">A5</PropertyName>
        <Value>11.5</Value>
      </Property-Data>
      <Property-Data>
        <PropertyName source="din_mk">B2</PropertyName>
        <Value>36</Value>
      </Property-Data>
      <Property-Data>
        <PropertyName source="din_mk">B3</PropertyName>
        <Value>48</Value>
      </Property-Data>
      <Property-Data>
        <PropertyName source="din_mk">B5</PropertyName>
        <Value>93</Value>
      </Property-Data>
      <Property-Data>
        <PropertyName source="din_mk">B6</PropertyName>
        <Value>45</Value>
      </Property-Data>
      <Property-Data>
        <PropertyName source="din_mk">C11</PropertyName>
        <Value>ZYL</Value>
      </Property-Data>
      <Property-Data>
        <PropertyName source="din_mk">C12</PropertyName>
        <Value>10</Value>
      </Property-Data>
      <Property-Data>
        <PropertyName source="din_mk">C14</PropertyName>
        <Value>0</Value>
      </Property-Data>
      <Property-Data>
        <PropertyName source="din_mk">C15</PropertyName>
        <Value>5</Value>
      </Property-Data>
      <Property-Data>
        <PropertyName source="din_mk">C2</PropertyName>
        <Value>0120</Value>
      </Property-Data>
      <Property-Data>
        <PropertyName source="din_mk">C3</PropertyName>
        <Value>12</Value>
      </Property-Data>
      <Property-Data>
        <PropertyName source="din_mk">C4</PropertyName>
        <Value>45</Value>
      </Property-Data>
      <Property-Data>
        <PropertyName source="din_mk">E3</PropertyName>
        <Value>10</Value>
      </Property-Data>
      <Property-Data>
        <PropertyName source="din_mk">F1</PropertyName>
        <Value>R</Value>
      </Property-Data>
      <Property-Data>
        <PropertyName source="din_mk">F21</PropertyName>
        <Value>5</Value>
      </Property-Data>
      <Property-Data>
        <PropertyName source="din_mk">F3</PropertyName>
        <Value>L</Value>
      </Property-Data>
      <Property-Data>
        <PropertyName source="din_mk">G2</PropertyName>
        <Value>0.24</Value>
      </Property-Data>
      <Property-Data>
        <PropertyName source="din_mk">H5</PropertyName>
        <Value>APX72S</Value>
      </Property-Data>
      <Property-Data>
        <PropertyName source="din_mk">Has3D</PropertyName>
        <Value>1</Value>
      </Property-Data>
      <Property-Data>
        <PropertyName source="din_mk">J6</PropertyName>
        <Value>ZYL01201005</Value>
      </Property-Data>
    </Properties>
      </Tool>
</Tool-Data>