﻿<?xml version="1.0" encoding="utf-8"?>
<!DOCTYPE Tool-Data SYSTEM "http://www.cimsource.com/DIN_4000_Schema_2015.dtd">
<Tool-Data>
  <TimeStamp>2023-12-13T17:05:29+01:00</TimeStamp>
  <Tool>
    <Main-Data>
      <NormVersion>2011-08</NormVersion>
      <Manufacturer>FSA</Manufacturer>
      <PrimaryId>H8502180</PrimaryId>
      <Supplier>FSA</Supplier>
      <CustomerMaterialId>H8502180</CustomerMaterialId>
      <Note>Generated by CIMSOURCE:</Note>
    </Main-Data>
    <Category>
      <Category-Data>
        <Source>DIN</Source>
        <Level>1</Level>
        <PropertyName source="din_mk">NSM</PropertyName>
        <Value>DIN4000-82</Value>
      </Category-Data>
      <Category-Data>
        <Source>DIN</Source>
        <Level>2</Level>
        <PropertyName source="din_mk">BLD</PropertyName>
        <Value>1</Value>
      </Category-Data>
    </Category>
    <Properties>
      <Property-Data>
        <PropertyName source="din_mk">J22</PropertyName>
        <Value>Zylindrische Fräser NX</Value>
      </Property-Data>
      <Property-Data>
        <PropertyName source="din_mk">J3</PropertyName>
        <Value>FSA</Value>
      </Property-Data>
      <Property-Data>
        <PropertyName source="din_mk">J21</PropertyName>
        <Value>H8502180</Value>
      </Property-Data>
      <Property-Data>
        <PropertyName source="din_mk">A1</PropertyName>
        <Value>3</Value>
      </Property-Data>
      <Property-Data>
        <PropertyName source="din_mk">A5</PropertyName>
        <Value>2,8</Value>
      </Property-Data>
      <Property-Data>
        <PropertyName source="din_mk">B2</PropertyName>
        <Value>4</Value>
      </Property-Data>
      <Property-Data>
        <PropertyName source="din_mk">B3</PropertyName>
        <Value>21</Value>
      </Property-Data>
      <Property-Data>
        <PropertyName source="din_mk">B5</PropertyName>
        <Value>57</Value>
      </Property-Data>
      <Property-Data>
        <PropertyName source="din_mk">B71</PropertyName>
        <Value>57</Value>
      </Property-Data>
      <Property-Data>
        <PropertyName source="din_mk">B9</PropertyName>
        <Value>14</Value>
      </Property-Data>
      <Property-Data>
        <PropertyName source="din_mk">C11</PropertyName>
        <Value>ZYL</Value>
      </Property-Data>
      <Property-Data>
        <PropertyName source="din_mk">C12</PropertyName>
        <Value>01</Value>
      </Property-Data>
      <Property-Data>
        <PropertyName source="din_mk">C14</PropertyName>
        <Value>0</Value>
      </Property-Data>
      <Property-Data>
        <PropertyName source="din_mk">C15</PropertyName>
        <Value>5</Value>
      </Property-Data>
      <Property-Data>
        <PropertyName source="din_mk">C2</PropertyName>
        <Value>0060</Value>
      </Property-Data>
      <Property-Data>
        <PropertyName source="din_mk">C3</PropertyName>
        <Value>6</Value>
      </Property-Data>
      <Property-Data>
        <PropertyName source="din_mk">C31</PropertyName>
        <Value>h5</Value>
      </Property-Data>
      <Property-Data>
        <PropertyName source="din_mk">C4</PropertyName>
        <Value>36,63</Value>
      </Property-Data>
      <Property-Data>
        <PropertyName source="din_mk">D11</PropertyName>
        <Value>G</Value>
      </Property-Data>
      <Property-Data>
        <PropertyName source="din_mk">D5</PropertyName>
        <Value>&lt;G2.5</Value>
      </Property-Data>
      <Property-Data>
        <PropertyName source="din_mk">D6</PropertyName>
        <Value>60000</Value>
      </Property-Data>
      <Property-Data>
        <PropertyName source="din_mk">DIM</PropertyName>
        <Value>0</Value>
      </Property-Data>
      <Property-Data>
        <PropertyName source="din_mk">E2</PropertyName>
        <Value>0</Value>
      </Property-Data>
      <Property-Data>
        <PropertyName source="din_mk">E3</PropertyName>
        <Value>10</Value>
      </Property-Data>
      <Property-Data>
        <PropertyName source="din_mk">F1</PropertyName>
        <Value>R</Value>
      </Property-Data>
      <Property-Data>
        <PropertyName source="din_mk">F21</PropertyName>
        <Value>4</Value>
      </Property-Data>
      <Property-Data>
        <PropertyName source="din_mk">F22</PropertyName>
        <Value>4</Value>
      </Property-Data>
      <Property-Data>
        <PropertyName source="din_mk">F3</PropertyName>
        <Value>R</Value>
      </Property-Data>
      <Property-Data>
        <PropertyName source="din_mk">F4</PropertyName>
        <Value>45</Value>
      </Property-Data>
      <Property-Data>
        <PropertyName source="din_mk">G2</PropertyName>
        <Value>0,1</Value>
      </Property-Data>
      <Property-Data>
        <PropertyName source="din_mk">G3</PropertyName>
        <Value>45</Value>
      </Property-Data>
      <Property-Data>
        <PropertyName source="din_mk">H11</PropertyName>
        <Value>HC-K10</Value>
      </Property-Data>
      <Property-Data>
        <PropertyName source="din_mk">H12</PropertyName>
        <Value>HC-K10</Value>
      </Property-Data>
      <Property-Data>
        <PropertyName source="din_mk">H13</PropertyName>
        <Value>HC-K20</Value>
      </Property-Data>
      <Property-Data>
        <PropertyName source="din_mk">H21</PropertyName>
        <Value>0</Value>
      </Property-Data>
      <Property-Data>
        <PropertyName source="din_mk">H22</PropertyName>
        <Value>0</Value>
      </Property-Data>
      <Property-Data>
        <PropertyName source="din_mk">H3</PropertyName>
        <Value>HM-XA</Value>
      </Property-Data>
      <Property-Data>
        <PropertyName source="din_mk">H4</PropertyName>
        <Value>H</Value>
      </Property-Data>
      <Property-Data>
        <PropertyName source="din_mk">H5</PropertyName>
        <Value>DURO-Si</Value>
      </Property-Data>
      <Property-Data>
        <PropertyName source="din_mk">J7</PropertyName>
        <Value>0</Value>
      </Property-Data>
      <Property-Data>
        <PropertyName source="din_mk">SN_E201</PropertyName>
        <Value>15</Value>
      </Property-Data>
      <Property-Data>
        <PropertyName source="din_mk">SN_G201</PropertyName>
        <Value>3</Value>
      </Property-Data>
      <Property-Data>
        <PropertyName source="din_mk">Has3D</PropertyName>
        <Value>-1</Value>
      </Property-Data>
      <Property-Data>
        <PropertyName source="din_mk">J6</PropertyName>
        <Value>ZYL00600105</Value>
      </Property-Data>
      <Property-Data>
        <PropertyName source="din_mk">F8</PropertyName>
        <Value>1</Value>
      </Property-Data>
    </Properties>
    <Block name="Trennstellenkodierung maschinenseitig" index="1">
      <Property-Data>
        <PropertyName source="din_mk">J6</PropertyName>
        <Value>ZYL00600105</Value>
      </Property-Data>
    </Block>
  </Tool>
</Tool-Data>
