<?xml version="1.0" encoding="utf-8"?>
<!DOCTYPE Tool-Data SYSTEM "https://doi.org/10.31030/20201023001dtd">
<Tool-Data>
	<TimeStamp>2023-7-20T22:3:2+01:00</TimeStamp>
	<Tool>
		<Main-Data>
			<NormVersion>2021-05</NormVersion>
			<Manufacturer>HOG</Manufacturer>
			<PrimaryId>122501 6</PrimaryId>
			<Supplier>HOG</Supplier>
			<CustomerMaterialId>122501 6</CustomerMaterialId>
		</Main-Data>
		<Category>
			<Category-Data>
				<Source>DIN</Source>
				<Level>1</Level>
				<PropertyName source="din_mk">NSM</PropertyName>
				<Value>DIN4000-81</Value>
			</Category-Data>
			<Category-Data>
				<Source>DIN</Source>
				<Level>2</Level>
				<PropertyName source="din_mk">BLD</PropertyName>
				<Value>1</Value>
			</Category-Data>
		</Category>
		<Properties>
			<Property-Data>
				<PropertyName source="din_mk">A11</PropertyName>
				<Value>6</Value>
			</Property-Data>
			<Property-Data>
				<PropertyName source="din_mk">B3</PropertyName>
				<Value>30</Value>
			</Property-Data>
			<Property-Data>
				<PropertyName source="din_mk">B4</PropertyName>
				<Value>20</Value>
			</Property-Data>
			<Property-Data>
				<PropertyName source="din_mk">B5</PropertyName>
				<Value>66</Value>
			</Property-Data>
			<Property-Data>
				<PropertyName source="din_mk">B6</PropertyName>
				<Value>28</Value>
			</Property-Data>
			<Property-Data>
				<PropertyName source="din_mk">B7</PropertyName>
				<Value>1,091</Value>
			</Property-Data>
			<Property-Data>
				<PropertyName source="din_mk">B71</PropertyName>
				<Value>20</Value>
			</Property-Data>
			<Property-Data>
				<PropertyName source="din_mk">C3</PropertyName>
				<Value>6</Value>
			</Property-Data>
			<Property-Data>
				<PropertyName source="din_mk">C4</PropertyName>
				<Value>36</Value>
			</Property-Data>
			<Property-Data>
				<PropertyName source="din_mk">D1</PropertyName>
				<Value>2</Value>
			</Property-Data>
			<Property-Data>
				<PropertyName source="din_mk">D2</PropertyName>
				<Value>R</Value>
			</Property-Data>
			<Property-Data>
				<PropertyName source="din_mk">D3</PropertyName>
				<Value>30</Value>
			</Property-Data>
			<Property-Data>
				<PropertyName source="din_mk">D4</PropertyName>
				<Value>0</Value>
			</Property-Data>
			<Property-Data>
				<PropertyName source="din_mk">D5</PropertyName>
				<Value>0</Value>
			</Property-Data>
			<Property-Data>
				<PropertyName source="din_mk">D6</PropertyName>
				<Value>0</Value>
			</Property-Data>
			<Property-Data>
				<PropertyName source="din_mk">E1</PropertyName>
				<Value>140</Value>
			</Property-Data>
			<Property-Data>
				<PropertyName source="din_mk">F1</PropertyName>
				<Value>R</Value>
			</Property-Data>
			<Property-Data>
				<PropertyName source="din_mk">F2</PropertyName>
				<Value>A</Value>
			</Property-Data>
			<Property-Data>
				<PropertyName source="din_mk">H11</PropertyName>
				<Value>0</Value>
			</Property-Data>
			<Property-Data>
				<PropertyName source="din_mk">H12</PropertyName>
				<Value>0</Value>
			</Property-Data>
			<Property-Data>
				<PropertyName source="din_mk">H13</PropertyName>
				<Value>0</Value>
			</Property-Data>
			<Property-Data>
				<PropertyName source="din_mk">H21</PropertyName>
				<Value>0</Value>
			</Property-Data>
			<Property-Data>
				<PropertyName source="din_mk">H22</PropertyName>
				<Value>0</Value>
			</Property-Data>
			<Property-Data>
				<PropertyName source="din_mk">H3</PropertyName>
				<Value>VHM TIAIN</Value>
			</Property-Data>
			<Property-Data>
				<PropertyName source="din_mk">H4</PropertyName>
				<Value>H</Value>
			</Property-Data>
			<Property-Data>
				<PropertyName source="din_mk">H5</PropertyName>
				<Value>TIAIN</Value>
			</Property-Data>
			<Property-Data>
				<PropertyName source="din_mk">J21</PropertyName>
				<Value>122501 6</Value>
			</Property-Data>
			<Property-Data>
				<PropertyName source="din_mk">J22</PropertyName>
				<Value>HOLEX Pro Steel VHM-Bohrer zylindrischer Schaft</Value>
			</Property-Data>
			<Property-Data>
				<PropertyName source="din_mk">J3</PropertyName>
				<Value>HOG</Value>
			</Property-Data>
			<Property-Data>
				<PropertyName source="din_mk">J8</PropertyName>
				<Value>BVB</Value>
			</Property-Data>
		</Properties>
		<Block name="Trennstellenkodierung maschinenseitig" index="1">
			<Property-Data>
				<PropertyName source="din_mk">C11</PropertyName>
				<Value>ZYL</Value>
			</Property-Data>
			<Property-Data>
				<PropertyName source="din_mk">C12</PropertyName>
				<Value>01</Value>
			</Property-Data>
			<Property-Data>
				<PropertyName source="din_mk">C14</PropertyName>
				<Value>0</Value>
			</Property-Data>
			<Property-Data>
				<PropertyName source="din_mk">C15</PropertyName>
				<Value>5</Value>
			</Property-Data>
			<Property-Data>
				<PropertyName source="din_mk">C2</PropertyName>
				<Value>0060</Value>
			</Property-Data>
			<Property-Data>
				<PropertyName source="din_mk">J6</PropertyName>
				<Value>ZYL00600105</Value>
			</Property-Data>
		</Block>
	</Tool>
</Tool-Data>