<?xml version="1.0" encoding="utf-8"?>
<!DOCTYPE Tool-Data SYSTEM "https://doi.org/10.31030/20201023001dtd">
<Tool-Data>
	<TimeStamp>2023-7-21T2:34:7+01:00</TimeStamp>
	<Tool>
		<Main-Data>
			<NormVersion>2021-05</NormVersion>
			<Manufacturer>HOG</Manufacturer>
			<PrimaryId>132680 M6</PrimaryId>
			<Supplier>HOG</Supplier>
			<CustomerMaterialId>132680 M6</CustomerMaterialId>
		</Main-Data>
		<Category>
			<Category-Data>
				<Source>DIN</Source>
				<Level>1</Level>
				<PropertyName source="din_mk">NSM</PropertyName>
				<Value>DIN4000-80</Value>
			</Category-Data>
			<Category-Data>
				<Source>DIN</Source>
				<Level>2</Level>
				<PropertyName source="din_mk">BLD</PropertyName>
				<Value>2</Value>
			</Category-Data>
		</Category>
		<Properties>
			<Property-Data>
				<PropertyName source="din_mk">A1</PropertyName>
				<Value>M</Value>
			</Property-Data>
			<Property-Data>
				<PropertyName source="din_mk">A21</PropertyName>
				<Value>6</Value>
			</Property-Data>
			<Property-Data>
				<PropertyName source="din_mk">A22</PropertyName>
				<Value>0</Value>
			</Property-Data>
			<Property-Data>
				<PropertyName source="din_mk">A23</PropertyName>
				<Value>0</Value>
			</Property-Data>
			<Property-Data>
				<PropertyName source="din_mk">A24</PropertyName>
				<Value>0</Value>
			</Property-Data>
			<Property-Data>
				<PropertyName source="din_mk">A25</PropertyName>
				<Value>M6</Value>
			</Property-Data>
			<Property-Data>
				<PropertyName source="din_mk">A26</PropertyName>
				<Value>0</Value>
			</Property-Data>
			<Property-Data>
				<PropertyName source="din_mk">A3</PropertyName>
				<Value>1</Value>
			</Property-Data>
			<Property-Data>
				<PropertyName source="din_mk">A5</PropertyName>
				<Value>6H</Value>
			</Property-Data>
			<Property-Data>
				<PropertyName source="din_mk">A6</PropertyName>
				<Value>4,8</Value>
			</Property-Data>
			<Property-Data>
				<PropertyName source="din_mk">A8</PropertyName>
				<Value>4,9</Value>
			</Property-Data>
			<Property-Data>
				<PropertyName source="din_mk">B1</PropertyName>
				<Value>17,26</Value>
			</Property-Data>
			<Property-Data>
				<PropertyName source="din_mk">B2</PropertyName>
				<Value>29</Value>
			</Property-Data>
			<Property-Data>
				<PropertyName source="din_mk">B3</PropertyName>
				<Value>82,4</Value>
			</Property-Data>
			<Property-Data>
				<PropertyName source="din_mk">C3</PropertyName>
				<Value>6</Value>
			</Property-Data>
			<Property-Data>
				<PropertyName source="din_mk">C4</PropertyName>
				<Value>43,5</Value>
			</Property-Data>
			<Property-Data>
				<PropertyName source="din_mk">D1</PropertyName>
				<Value>3</Value>
			</Property-Data>
			<Property-Data>
				<PropertyName source="din_mk">D2</PropertyName>
				<Value>N</Value>
			</Property-Data>
			<Property-Data>
				<PropertyName source="din_mk">D3</PropertyName>
				<Value>0</Value>
			</Property-Data>
			<Property-Data>
				<PropertyName source="din_mk">D4</PropertyName>
				<Value>0</Value>
			</Property-Data>
			<Property-Data>
				<PropertyName source="din_mk">F1</PropertyName>
				<Value>0</Value>
			</Property-Data>
			<Property-Data>
				<PropertyName source="din_mk">G21</PropertyName>
				<Value>1</Value>
			</Property-Data>
			<Property-Data>
				<PropertyName source="din_mk">G22</PropertyName>
				<Value>0</Value>
			</Property-Data>
			<Property-Data>
				<PropertyName source="din_mk">G4</PropertyName>
				<Value>0</Value>
			</Property-Data>
			<Property-Data>
				<PropertyName source="din_mk">H11</PropertyName>
				<Value>HSS-E</Value>
			</Property-Data>
			<Property-Data>
				<PropertyName source="din_mk">H12</PropertyName>
				<Value>0</Value>
			</Property-Data>
			<Property-Data>
				<PropertyName source="din_mk">H13</PropertyName>
				<Value>0</Value>
			</Property-Data>
			<Property-Data>
				<PropertyName source="din_mk">H15</PropertyName>
				<Value>P</Value>
			</Property-Data>
			<Property-Data>
				<PropertyName source="din_mk">H21</PropertyName>
				<Value>0</Value>
			</Property-Data>
			<Property-Data>
				<PropertyName source="din_mk">H22</PropertyName>
				<Value>0</Value>
			</Property-Data>
			<Property-Data>
				<PropertyName source="din_mk">H3</PropertyName>
				<Value>HSS-E</Value>
			</Property-Data>
			<Property-Data>
				<PropertyName source="din_mk">H4</PropertyName>
				<Value>S</Value>
			</Property-Data>
			<Property-Data>
				<PropertyName source="din_mk">H5</PropertyName>
				<Value>TiN</Value>
			</Property-Data>
			<Property-Data>
				<PropertyName source="din_mk">J21</PropertyName>
				<Value>132680 M6</Value>
			</Property-Data>
			<Property-Data>
				<PropertyName source="din_mk">J22</PropertyName>
				<Value>HOLEX Pro Tap Maschinen-Gewindebohrer</Value>
			</Property-Data>
			<Property-Data>
				<PropertyName source="din_mk">J3</PropertyName>
				<Value>HOG</Value>
			</Property-Data>
			<Property-Data>
				<PropertyName source="din_mk">J7</PropertyName>
				<Value>0</Value>
			</Property-Data>
		</Properties>
		<Block name="Trennstellenkodierung maschinenseitig" index="1">
			<Property-Data>
				<PropertyName source="din_mk">C11</PropertyName>
				<Value>ZYL</Value>
			</Property-Data>
			<Property-Data>
				<PropertyName source="din_mk">C12</PropertyName>
				<Value>21</Value>
			</Property-Data>
			<Property-Data>
				<PropertyName source="din_mk">C14</PropertyName>
				<Value>0</Value>
			</Property-Data>
			<Property-Data>
				<PropertyName source="din_mk">C15</PropertyName>
				<Value>5</Value>
			</Property-Data>
			<Property-Data>
				<PropertyName source="din_mk">C2</PropertyName>
				<Value>0060</Value>
			</Property-Data>
			<Property-Data>
				<PropertyName source="din_mk">J6</PropertyName>
				<Value>ZYL00602105</Value>
			</Property-Data>
		</Block>
	</Tool>
</Tool-Data>