<?xml version="1.0" encoding="utf-8"?>
<!DOCTYPE Tool-Data SYSTEM "https://doi.org/10.31030/20201023001dtd">
<Tool-Data>
	<TimeStamp>2023-7-21T4:25:19+01:00</TimeStamp>
	<Tool>
		<Main-Data>
			<NormVersion>2021-05</NormVersion>
			<Manufacturer>HOG</Manufacturer>
			<PrimaryId>203054 10</PrimaryId>
			<Supplier>HOG</Supplier>
			<CustomerMaterialId>203054 10</CustomerMaterialId>
		</Main-Data>
		<Category>
			<Category-Data>
				<Source>DIN</Source>
				<Level>1</Level>
				<PropertyName source="din_mk">NSM</PropertyName>
				<Value>DIN4000-82</Value>
			</Category-Data>
			<Category-Data>
				<Source>DIN</Source>
				<Level>2</Level>
				<PropertyName source="din_mk">BLD</PropertyName>
				<Value>2</Value>
			</Category-Data>
		</Category>
		<Properties>
			<Property-Data>
				<PropertyName source="din_mk">A1</PropertyName>
				<Value>10</Value>
			</Property-Data>
			<Property-Data>
				<PropertyName source="din_mk">B3</PropertyName>
				<Value>39,04</Value>
			</Property-Data>
			<Property-Data>
				<PropertyName source="din_mk">B5</PropertyName>
				<Value>72</Value>
			</Property-Data>
			<Property-Data>
				<PropertyName source="din_mk">B6</PropertyName>
				<Value>22</Value>
			</Property-Data>
			<Property-Data>
				<PropertyName source="din_mk">C3</PropertyName>
				<Value>10</Value>
			</Property-Data>
			<Property-Data>
				<PropertyName source="din_mk">C4</PropertyName>
				<Value>39,04</Value>
			</Property-Data>
			<Property-Data>
				<PropertyName source="din_mk">E2</PropertyName>
				<Value>0</Value>
			</Property-Data>
			<Property-Data>
				<PropertyName source="din_mk">E3</PropertyName>
				<Value>0</Value>
			</Property-Data>
			<Property-Data>
				<PropertyName source="din_mk">F1</PropertyName>
				<Value>R</Value>
			</Property-Data>
			<Property-Data>
				<PropertyName source="din_mk">F3</PropertyName>
				<Value>R</Value>
			</Property-Data>
			<Property-Data>
				<PropertyName source="din_mk">F4</PropertyName>
				<Value>38</Value>
			</Property-Data>
			<Property-Data>
				<PropertyName source="din_mk">H3</PropertyName>
				<Value>VHM</Value>
			</Property-Data>
			<Property-Data>
				<PropertyName source="din_mk">H5</PropertyName>
				<Value>TiAlN</Value>
			</Property-Data>
			<Property-Data>
				<PropertyName source="din_mk">J21</PropertyName>
				<Value>203054 10</Value>
			</Property-Data>
			<Property-Data>
				<PropertyName source="din_mk">J22</PropertyName>
				<Value>HOLEX Pro Steel VHM-Schruppfräser</Value>
			</Property-Data>
			<Property-Data>
				<PropertyName source="din_mk">J3</PropertyName>
				<Value>HOG</Value>
			</Property-Data>
			<Property-Data>
				<PropertyName source="din_mk">J61</PropertyName>
				<Value>ZYL01001005</Value>
			</Property-Data>
		</Properties>
		<Block name="Anzahl der Eckausführungen" index="1">
			<Property-Data>
				<PropertyName source="din_mk">G2</PropertyName>
				<Value>0,305</Value>
			</Property-Data>
			<Property-Data>
				<PropertyName source="din_mk">G3</PropertyName>
				<Value>45</Value>
			</Property-Data>
		</Block>
		<Block name="Trennstellenkodierung maschinenseitig" index="1">
			<Property-Data>
				<PropertyName source="din_mk">C11</PropertyName>
				<Value>ZYL</Value>
			</Property-Data>
			<Property-Data>
				<PropertyName source="din_mk">C12</PropertyName>
				<Value>10</Value>
			</Property-Data>
			<Property-Data>
				<PropertyName source="din_mk">C14</PropertyName>
				<Value>0</Value>
			</Property-Data>
			<Property-Data>
				<PropertyName source="din_mk">C15</PropertyName>
				<Value>5</Value>
			</Property-Data>
			<Property-Data>
				<PropertyName source="din_mk">C2</PropertyName>
				<Value>0100</Value>
			</Property-Data>
		</Block>
	</Tool>
</Tool-Data>