<?xml version="1.0" encoding="utf-8"?>
<omtdx version="23" srcType="standard" match-formulas-by-expression="true" match-material-by-provider="fraisa" tecset-values-outdated="true">
	<technologyPurposes>
		<technologyPurpose name="Roughing HDC-P, partial cut"/>
	</technologyPurposes>
	<formulas>
		<formula name="fZ" type="feedrate">
			<param name="formula" value="fz*z*n"/>
		</formula>
		<formula name="feedrateAxial" type="feedrate">
			<param name="formula" value="fz*z*n/3"/>
		</formula>
		<formula name="feedrateReduced" type="feedrate">
			<param name="formula" value="fz*z*n*0.7"/>
		</formula>
		<formula name="fN" type="speed">
			<param name="formula" value="(Vc*1000)/(d*pi)"/>
		</formula>
	</formulas>
	<materials>
		<material name="1.0722 &lt; 500 N/mm²"/>
	</materials>
	<cuttingMaterials>
		<cuttingMaterial name="MD">
			<params/>
		</cuttingMaterial>
	</cuttingMaterials>
	<couplings/>
	<coolants>
		<coolant number="1">
			<param name="comment" value="External coolant"/>
			<param name="type" value="external"/>
		</coolant>
	</coolants>
	<tools>
		<tool type="endMill" name="P46300391">
			<param name="comment" value="Fraises cylindriques Normale avec dégagement"/>
			<param name="orderingCode" value="P46300391"/>
			<param name="manufacturer" value="FRAISA"/>
			<param name="cuttingMaterial" value="MD"/>
			<param name="lengthOfUnit" value="mm"/>
			<param name="toolTotalLength" value="63"/>
			<param name="cuttingEdges" value="5"/>
			<param name="cuttingLength" value="19"/>
			<param name="toolShaftType" value="parametric"/>
			<param name="toolShaftDiameter" value="8"/>
			<param name="toolShaftChamferDefMode" value="abs"/>
			<param name="toolShaftChamferAbsPos" value="26"/>
			<param name="toolDiameter" value="8"/>
			<param name="taperHeight" value="23.63"/>
			<param name="collar" value="1"/>
			<param name="tipDiameter" value="7.4"/>
			<param name="cornerRadius" value="0.15"/>
			<param name="coreDiameter" value="0"/>
			<param name="coreHeight" value="0"/>
			<param name="discHeight" value="0"/>
			<tecsets>
				<tecset type="milling">
					<param name="material" value="1.0722 &lt; 500 N/mm²"/>
					<param name="purpose" value="Roughing HDC-P, partial cut"/>
					<param name="lengthOfUnit" value="mm"/>
					<param name="spindleSpeedFormula" value="fN"/>
					<param name="cuttingSpeed" value="197"/>
					<param name="coolants" value="1"/>
					<param name="cuttingDirection" value="upAndDown"/>
					<param name="feedratePerEdge" value="0.082"/>
					<param name="cuttingWidth" value="1.6"/>
					<param name="cuttingLength" value="19"/>
					<param name="plungeAngle" value="0"/>
					<param name="planeFeedrateFormula" value="fZ"/>
					<param name="zFeedrateFormula" value="feedrateAxial"/>
					<param name="reducedFeedrateFormula" value="feedrateReduced"/>
				</tecset>
			</tecsets>
		</tool>
	</tools>
</omtdx>