﻿<?xml version="1.0" encoding="utf-8"?>
<!DOCTYPE Tool-Data SYSTEM "http://www.cimsource.com/DIN_4000_Schema_2015.dtd">
<Tool-Data>
  <TimeStamp>2022-08-18T09:23:12+02:00</TimeStamp>
  <Tool>
    <Main-Data>
      <NormVersion>2000-01</NormVersion>
      <Manufacturer>CE</Manufacturer>
      <PrimaryId>53052600</PrimaryId>
      <Supplier>CE</Supplier>
      <CustomerMaterialId>53052600</CustomerMaterialId>
      <Note>Generated by CIMSOURCE:</Note>
    </Main-Data>
    <Category>
      <Category-Data>
        <Source>DIN</Source>
        <Level>1</Level>
        <PropertyName source="din_mk">NSM</PropertyName>
        <Value>DIN4000-82</Value>
      </Category-Data>
      <Category-Data>
        <Source>DIN</Source>
        <Level>2</Level>
        <PropertyName source="din_mk">BLD</PropertyName>
        <Value>10</Value>
      </Category-Data>
    </Category>
    <Properties>
      <Property-Data>
        <PropertyName source="din_mk">J3</PropertyName>
        <Value>CE</Value>
      </Property-Data>
      <Property-Data>
        <PropertyName source="din_mk">J21</PropertyName>
        <Value>53052600</Value>
      </Property-Data>
      <Property-Data>
        <PropertyName source="din_mk">A2</PropertyName>
        <Value>4.1</Value>
      </Property-Data>
      <Property-Data>
        <PropertyName source="din_mk">A5</PropertyName>
        <Value>2.7</Value>
      </Property-Data>
      <Property-Data>
        <PropertyName source="din_mk">B5</PropertyName>
        <Value>44</Value>
      </Property-Data>
      <Property-Data>
        <PropertyName source="din_mk">B6</PropertyName>
        <Value>12.2</Value>
      </Property-Data>
      <Property-Data>
        <PropertyName source="din_mk">C3</PropertyName>
        <Value>5</Value>
      </Property-Data>
      <Property-Data>
        <PropertyName source="din_mk">D11</PropertyName>
        <Value>T</Value>
      </Property-Data>
      <Property-Data>
        <PropertyName source="din_mk">D31</PropertyName>
        <Value>M</Value>
      </Property-Data>
      <Property-Data>
        <PropertyName source="din_mk">D32</PropertyName>
        <Value>1</Value>
      </Property-Data>
      <Property-Data>
        <PropertyName source="din_mk">F21</PropertyName>
        <Value>4</Value>
      </Property-Data>
      <Property-Data>
        <PropertyName source="din_mk">H5</PropertyName>
        <Value>CWX500</Value>
      </Property-Data>
      <Property-Data>
        <PropertyName source="din_mk">Has3D</PropertyName>
        <Value>-1</Value>
      </Property-Data>
    </Properties>
  </Tool>
</Tool-Data>
