﻿<?xml version="1.0" encoding="utf-8"?>
<!DOCTYPE Tool-Data SYSTEM "http://www.cimsource.com/DIN_4000_Schema_2015.dtd">
<Tool-Data>
  <TimeStamp>2022-08-16T00:07:55+02:00</TimeStamp>
  <Tool>
    <Main-Data>
      <NormVersion>2000-01</NormVersion>
      <Manufacturer>CE</Manufacturer>
      <PrimaryId>5054612000</PrimaryId>
      <Supplier>CE</Supplier>
      <CustomerMaterialId>5054612000</CustomerMaterialId>
      <Note>Generated by CIMSOURCE:</Note>
    </Main-Data>
    <Category>
      <Category-Data>
        <Source>DIN</Source>
        <Level>1</Level>
        <PropertyName source="din_mk">NSM</PropertyName>
        <Value>DIN4000-82</Value>
      </Category-Data>
      <Category-Data>
        <Source>DIN</Source>
        <Level>2</Level>
        <PropertyName source="din_mk">BLD</PropertyName>
        <Value>5</Value>
      </Category-Data>
    </Category>
    <Properties>
      <Property-Data>
        <PropertyName source="din_mk">J22</PropertyName>
        <Value>HR.M12.HA.12.IK.TICN</Value>
      </Property-Data>
      <Property-Data>
        <PropertyName source="din_mk">J3</PropertyName>
        <Value>CE</Value>
      </Property-Data>
      <Property-Data>
        <PropertyName source="din_mk">J21</PropertyName>
        <Value>5054612000</Value>
      </Property-Data>
      <Property-Data>
        <PropertyName source="din_mk">A1</PropertyName>
        <Value>9.38</Value>
      </Property-Data>
      <Property-Data>
        <PropertyName source="din_mk">B5</PropertyName>
        <Value>86</Value>
      </Property-Data>
      <Property-Data>
        <PropertyName source="din_mk">B6</PropertyName>
        <Value>27</Value>
      </Property-Data>
      <Property-Data>
        <PropertyName source="din_mk">C3</PropertyName>
        <Value>12</Value>
      </Property-Data>
      <Property-Data>
        <PropertyName source="din_mk">F21</PropertyName>
        <Value>4</Value>
      </Property-Data>
      <Property-Data>
        <PropertyName source="din_mk">F3</PropertyName>
        <Value>R</Value>
      </Property-Data>
      <Property-Data>
        <PropertyName source="din_mk">H5</PropertyName>
        <Value>TiCN</Value>
      </Property-Data>
      <Property-Data>
        <PropertyName source="din_mk">J21A</PropertyName>
        <Value>SOLID CARBIDE THREAD MILLING C</Value>
      </Property-Data>
      <Property-Data>
        <PropertyName source="din_mk">Has3D</PropertyName>
        <Value>-1</Value>
      </Property-Data>
    </Properties>
  </Tool>
</Tool-Data>
