﻿<?xml version='1.0' encoding='UTF-8'?>
<omtdx version="23" srcType="standard" match-formulas-by-expression="true" match-material-by-provider="fraisa" tecset-values-outdated="true">
    <technologyPurposes>
        <technologyPurpose name="Roughing HPC, partial cut" />
    </technologyPurposes>
    <formulas>
        <formula name="fZ" type="feedrate">
            <param name="formula" value="fz*z*n" />
        </formula>
        <formula name="feedrateAxial" type="feedrate">
            <param name="formula" value="fz*z*n/3" />
        </formula>
        <formula name="feedrateReduced" type="feedrate">
            <param name="formula" value="fz*z*n*0.7" />
        </formula>
        <formula name="fN" type="speed">
            <param name="formula" value="(Vc*1000)/(d*pi)" />
        </formula>
    </formulas>
    <materials>
        <material name="3.0275 non-alloyed  20-50 HB" />
    </materials>
    <cuttingMaterials>
        <cuttingMaterial name="Solid carbide">
            <params name="predefinedObjGuid" value="{3755D6C7-90E4-4134-AD07-72FE5EB19F63}" />
        </cuttingMaterial>
    </cuttingMaterials>
    <couplings />
    <coolants>
        <coolant number="1">
            <param name="comment" value="External coolant" />
            <param name="type" value="external" />
        </coolant>
    </coolants>
    <tools>
        <tool type="endMill" name="15559501">
            <param name="comment" value="Cylindrical end mills AX Long with neck" />
            <param name="orderingCode" value="15559501" />
            <param name="manufacturer" value="FRAISA" />
            <param name="cuttingMaterial" value="Solid carbide" />
            <param name="lengthOfUnit" value="mm" />
            <param name="toolTotalLength" value="110" />
            <param name="cuttingEdges" value="3" />
            <param name="cuttingLength" value="26" />
            <param name="toolShaftType" value="parametric" />
            <param name="toolShaftDiameter" value="12" />
            <param name="toolShaftChamferDefMode" value="abs" />
            <param name="toolShaftChamferAbsPos" value="64" />
            <param name="toolDiameter" value="12" />
            <param name="taperHeight" value="63.13" />
            <param name="collar" value="1" />
            <param name="tipDiameter" value="11" />
            <param name="cornerRadius" value="1e-05" />
            <param name="coreDiameter" value="0" />
            <param name="coreHeight" value="0" />
            <param name="discHeight" value="0" />
            <tecsets>
                <tecset type="milling">
                    <param name="material" value="3.0275 non-alloyed  20-50 HB" />
                    <param name="purpose" value="Roughing HPC, partial cut" />
                    <param name="lengthOfUnit" value="mm" />
                    <param name="spindleSpeedFormula" value="fN" />
                    <param name="cuttingSpeed" value="220" />
                    <param name="coolants" value="1" />
                    <param name="cuttingDirection" value="upAndDown" />
                    <param name="feedratePerEdge" value="0.16" />
                    <param name="cuttingWidth" value="3" />
                    <param name="cuttingLength" value="18" />
                    <param name="plungeAngle" value="0" />
                    <param name="planeFeedrateFormula" value="fZ" />
                    <param name="zFeedrateFormula" value="feedrateAxial" />
                    <param name="reducedFeedrateFormula" value="feedrateReduced" />
                </tecset>
            </tecsets>
        </tool>
    </tools>
</omtdx>