﻿<?xml version="1.0" encoding="utf-8"?>
<!DOCTYPE Tool-Data SYSTEM "http://www.cimsource.com/DIN_4000_Schema_2015.dtd">
<Tool-Data>
  <TimeStamp>2023-07-12T21:21:54+02:00</TimeStamp>
  <Tool>
    <Main-Data>
      <NormVersion>2012-08</NormVersion>
      <Manufacturer>FSA</Manufacturer>
      <PrimaryId>B630111000</PrimaryId>
      <Supplier>FSA</Supplier>
      <CustomerMaterialId>B630111000</CustomerMaterialId>
      <Note>Generated by CIMSOURCE:</Note>
    </Main-Data>
    <Category>
      <Category-Data>
        <Source>DIN</Source>
        <Level>1</Level>
        <PropertyName source="din_mk">NSM</PropertyName>
        <Value>DIN4000-81</Value>
      </Category-Data>
      <Category-Data>
        <Source>DIN</Source>
        <Level>2</Level>
        <PropertyName source="din_mk">BLD</PropertyName>
        <Value>1</Value>
      </Category-Data>
    </Category>
    <Properties>
      <Property-Data>
        <PropertyName source="din_mk">J22</PropertyName>
        <Value>Spiralbohrer Supradrill® U</Value>
      </Property-Data>
      <Property-Data>
        <PropertyName source="din_mk">J3</PropertyName>
        <Value>FSA</Value>
      </Property-Data>
      <Property-Data>
        <PropertyName source="din_mk">J21</PropertyName>
        <Value>B630111000</Value>
      </Property-Data>
      <Property-Data>
        <PropertyName source="din_mk">A11</PropertyName>
        <Value>10</Value>
      </Property-Data>
      <Property-Data>
        <PropertyName source="din_mk">B3</PropertyName>
        <Value>49</Value>
      </Property-Data>
      <Property-Data>
        <PropertyName source="din_mk">B4</PropertyName>
        <Value>31,5</Value>
      </Property-Data>
      <Property-Data>
        <PropertyName source="din_mk">B5</PropertyName>
        <Value>89</Value>
      </Property-Data>
      <Property-Data>
        <PropertyName source="din_mk">B6</PropertyName>
        <Value>46,5</Value>
      </Property-Data>
      <Property-Data>
        <PropertyName source="din_mk">B7</PropertyName>
        <Value>1,82</Value>
      </Property-Data>
      <Property-Data>
        <PropertyName source="din_mk">B71</PropertyName>
        <Value>67,18</Value>
      </Property-Data>
      <Property-Data>
        <PropertyName source="din_mk">C11</PropertyName>
        <Value>ZYL</Value>
      </Property-Data>
      <Property-Data>
        <PropertyName source="din_mk">C12</PropertyName>
        <Value>10</Value>
      </Property-Data>
      <Property-Data>
        <PropertyName source="din_mk">C14</PropertyName>
        <Value>1</Value>
      </Property-Data>
      <Property-Data>
        <PropertyName source="din_mk">C15</PropertyName>
        <Value>5</Value>
      </Property-Data>
      <Property-Data>
        <PropertyName source="din_mk">C2</PropertyName>
        <Value>0100</Value>
      </Property-Data>
      <Property-Data>
        <PropertyName source="din_mk">C3</PropertyName>
        <Value>10</Value>
      </Property-Data>
      <Property-Data>
        <PropertyName source="din_mk">C31</PropertyName>
        <Value>h5</Value>
      </Property-Data>
      <Property-Data>
        <PropertyName source="din_mk">C4</PropertyName>
        <Value>40,5</Value>
      </Property-Data>
      <Property-Data>
        <PropertyName source="din_mk">D1</PropertyName>
        <Value>2</Value>
      </Property-Data>
      <Property-Data>
        <PropertyName source="din_mk">D2</PropertyName>
        <Value>R</Value>
      </Property-Data>
      <Property-Data>
        <PropertyName source="din_mk">D3</PropertyName>
        <Value>30</Value>
      </Property-Data>
      <Property-Data>
        <PropertyName source="din_mk">D6</PropertyName>
        <Value>50000</Value>
      </Property-Data>
      <Property-Data>
        <PropertyName source="din_mk">D7</PropertyName>
        <Value>0,08</Value>
      </Property-Data>
      <Property-Data>
        <PropertyName source="din_mk">E1</PropertyName>
        <Value>140</Value>
      </Property-Data>
      <Property-Data>
        <PropertyName source="din_mk">F1</PropertyName>
        <Value>R</Value>
      </Property-Data>
      <Property-Data>
        <PropertyName source="din_mk">G5</PropertyName>
        <Value>0</Value>
      </Property-Data>
      <Property-Data>
        <PropertyName source="din_mk">H11</PropertyName>
        <Value>HC-P20</Value>
      </Property-Data>
      <Property-Data>
        <PropertyName source="din_mk">H12</PropertyName>
        <Value>HC-P10</Value>
      </Property-Data>
      <Property-Data>
        <PropertyName source="din_mk">H13</PropertyName>
        <Value>HC-K20</Value>
      </Property-Data>
      <Property-Data>
        <PropertyName source="din_mk">H21</PropertyName>
        <Value>4</Value>
      </Property-Data>
      <Property-Data>
        <PropertyName source="din_mk">H22</PropertyName>
        <Value>4</Value>
      </Property-Data>
      <Property-Data>
        <PropertyName source="din_mk">H3</PropertyName>
        <Value>HM-MG10</Value>
      </Property-Data>
      <Property-Data>
        <PropertyName source="din_mk">H4</PropertyName>
        <Value>H</Value>
      </Property-Data>
      <Property-Data>
        <PropertyName source="din_mk">H5</PropertyName>
        <Value>NANO-U2</Value>
      </Property-Data>
      <Property-Data>
        <PropertyName source="din_mk">J7</PropertyName>
        <Value>0</Value>
      </Property-Data>
      <Property-Data>
        <PropertyName source="din_mk">J6</PropertyName>
        <Value>ZYL01001015</Value>
      </Property-Data>
      <Property-Data>
        <PropertyName source="din_mk">J8</PropertyName>
        <Value>BVB</Value>
      </Property-Data>
      <Property-Data>
        <PropertyName source="din_mk">F8</PropertyName>
        <Value>1</Value>
      </Property-Data>
    </Properties>
    <Block name="Trennstellenkodierung maschinenseitig" index="1">
      <Property-Data>
        <PropertyName source="din_mk">J6</PropertyName>
        <Value>ZYL01001015</Value>
      </Property-Data>
    </Block>
  </Tool>
</Tool-Data>
