﻿<?xml version="1.0" encoding="utf-8"?>
<!DOCTYPE Tool-Data SYSTEM "http://www.cimsource.com/DIN_4000_Schema_2015.dtd">
<Tool-Data>
  <TimeStamp>2023-06-22T11:52:48+02:00</TimeStamp>
  <Tool>
    <Main-Data>
      <NormVersion>2011-08</NormVersion>
      <Manufacturer>FSA</Manufacturer>
      <PrimaryId>I8700682</PrimaryId>
      <Supplier>FSA</Supplier>
      <CustomerMaterialId>I8700682</CustomerMaterialId>
      <Note>Generated by CIMSOURCE:</Note>
    </Main-Data>
    <Category>
      <Category-Data>
        <Source>DIN</Source>
        <Level>1</Level>
        <PropertyName source="din_mk">NSM</PropertyName>
        <Value>DIN4000-82</Value>
      </Category-Data>
      <Category-Data>
        <Source>DIN</Source>
        <Level>2</Level>
        <PropertyName source="din_mk">BLD</PropertyName>
        <Value>2</Value>
      </Category-Data>
    </Category>
    <Properties>
      <Property-Data>
        <PropertyName source="din_mk">J22</PropertyName>
        <Value>Zylindrische Fräser ZX</Value>
      </Property-Data>
      <Property-Data>
        <PropertyName source="din_mk">J3</PropertyName>
        <Value>FSA</Value>
      </Property-Data>
      <Property-Data>
        <PropertyName source="din_mk">J21</PropertyName>
        <Value>I8700682</Value>
      </Property-Data>
      <Property-Data>
        <PropertyName source="din_mk">A1</PropertyName>
        <Value>20</Value>
      </Property-Data>
      <Property-Data>
        <PropertyName source="din_mk">A5</PropertyName>
        <Value>19</Value>
      </Property-Data>
      <Property-Data>
        <PropertyName source="din_mk">B2</PropertyName>
        <Value>38</Value>
      </Property-Data>
      <Property-Data>
        <PropertyName source="din_mk">B3</PropertyName>
        <Value>54</Value>
      </Property-Data>
      <Property-Data>
        <PropertyName source="din_mk">B5</PropertyName>
        <Value>104</Value>
      </Property-Data>
      <Property-Data>
        <PropertyName source="din_mk">B71</PropertyName>
        <Value>104</Value>
      </Property-Data>
      <Property-Data>
        <PropertyName source="din_mk">B9</PropertyName>
        <Value>48,23</Value>
      </Property-Data>
      <Property-Data>
        <PropertyName source="din_mk">C11</PropertyName>
        <Value>ZYL</Value>
      </Property-Data>
      <Property-Data>
        <PropertyName source="din_mk">C12</PropertyName>
        <Value>01</Value>
      </Property-Data>
      <Property-Data>
        <PropertyName source="din_mk">C14</PropertyName>
        <Value>0</Value>
      </Property-Data>
      <Property-Data>
        <PropertyName source="din_mk">C15</PropertyName>
        <Value>5</Value>
      </Property-Data>
      <Property-Data>
        <PropertyName source="din_mk">C2</PropertyName>
        <Value>0200</Value>
      </Property-Data>
      <Property-Data>
        <PropertyName source="din_mk">C3</PropertyName>
        <Value>20</Value>
      </Property-Data>
      <Property-Data>
        <PropertyName source="din_mk">C31</PropertyName>
        <Value>h6</Value>
      </Property-Data>
      <Property-Data>
        <PropertyName source="din_mk">C4</PropertyName>
        <Value>51</Value>
      </Property-Data>
      <Property-Data>
        <PropertyName source="din_mk">D11</PropertyName>
        <Value>H</Value>
      </Property-Data>
      <Property-Data>
        <PropertyName source="din_mk">D5</PropertyName>
        <Value>&lt;G6.3</Value>
      </Property-Data>
      <Property-Data>
        <PropertyName source="din_mk">D6</PropertyName>
        <Value>40000</Value>
      </Property-Data>
      <Property-Data>
        <PropertyName source="din_mk">D7</PropertyName>
        <Value>0,446</Value>
      </Property-Data>
      <Property-Data>
        <PropertyName source="din_mk">E2</PropertyName>
        <Value>5</Value>
      </Property-Data>
      <Property-Data>
        <PropertyName source="din_mk">E3</PropertyName>
        <Value>5</Value>
      </Property-Data>
      <Property-Data>
        <PropertyName source="din_mk">F1</PropertyName>
        <Value>R</Value>
      </Property-Data>
      <Property-Data>
        <PropertyName source="din_mk">F21</PropertyName>
        <Value>4</Value>
      </Property-Data>
      <Property-Data>
        <PropertyName source="din_mk">F22</PropertyName>
        <Value>4</Value>
      </Property-Data>
      <Property-Data>
        <PropertyName source="din_mk">F27</PropertyName>
        <Value>2</Value>
      </Property-Data>
      <Property-Data>
        <PropertyName source="din_mk">F3</PropertyName>
        <Value>R</Value>
      </Property-Data>
      <Property-Data>
        <PropertyName source="din_mk">F4</PropertyName>
        <Value>40</Value>
      </Property-Data>
      <Property-Data>
        <PropertyName source="din_mk">G1</PropertyName>
        <Value>0,3</Value>
      </Property-Data>
      <Property-Data>
        <PropertyName source="din_mk">H11</PropertyName>
        <Value>HC-P20</Value>
      </Property-Data>
      <Property-Data>
        <PropertyName source="din_mk">H12</PropertyName>
        <Value>HC-P10</Value>
      </Property-Data>
      <Property-Data>
        <PropertyName source="din_mk">H13</PropertyName>
        <Value>HC-K20</Value>
      </Property-Data>
      <Property-Data>
        <PropertyName source="din_mk">H21</PropertyName>
        <Value>0</Value>
      </Property-Data>
      <Property-Data>
        <PropertyName source="din_mk">H22</PropertyName>
        <Value>0</Value>
      </Property-Data>
      <Property-Data>
        <PropertyName source="din_mk">H3</PropertyName>
        <Value>HM-MG10</Value>
      </Property-Data>
      <Property-Data>
        <PropertyName source="din_mk">H4</PropertyName>
        <Value>H</Value>
      </Property-Data>
      <Property-Data>
        <PropertyName source="din_mk">H5</PropertyName>
        <Value>TICUT</Value>
      </Property-Data>
      <Property-Data>
        <PropertyName source="din_mk">J7</PropertyName>
        <Value>0</Value>
      </Property-Data>
      <Property-Data>
        <PropertyName source="din_mk">J6</PropertyName>
        <Value>ZYL02000105</Value>
      </Property-Data>
      <Property-Data>
        <PropertyName source="din_mk">F8</PropertyName>
        <Value>1</Value>
      </Property-Data>
    </Properties>
    <Block name="Trennstellenkodierung maschinenseitig" index="1">
      <Property-Data>
        <PropertyName source="din_mk">J6</PropertyName>
        <Value>ZYL02000105</Value>
      </Property-Data>
    </Block>
  </Tool>
</Tool-Data>
