﻿<?xml version="1.0" encoding="utf-8"?>
<!DOCTYPE Tool-Data SYSTEM "https://www.toolsunited.com/DIN_4000_Schema_2021.dtd">
<Tool-Data>
  <TimeStamp>2023-12-14T15:14:41+01:00</TimeStamp>
  <Tool>
    <Main-Data>
      <NormVersionTransfer102>2021-05</NormVersionTransfer102>
      <Manufacturer>JO</Manufacturer>
      <PrimaryId>VHM 441W-12 Ti08</PrimaryId>
      <Supplier>JO</Supplier>
      <CustomerMaterialId>VHM 441W-12 Ti08</CustomerMaterialId>
      <Note>Generated by CIMSOURCE: 14.12.2023 15:14:41</Note>
    </Main-Data>
    <DIN4000-Data>
      <Category>
        <NormVersionSML>2011-08</NormVersionSML>
        <Category-Data>
          <Source>DIN</Source>
          <Level>1</Level>
          <PropertyName source="din_mk">NSM</PropertyName>
          <Value>DIN4000-82</Value>
        </Category-Data>
        <Category-Data>
          <Source>DIN</Source>
          <Level>2</Level>
          <PropertyName source="din_mk">BLD</PropertyName>
          <Value>1</Value>
        </Category-Data>
      </Category>
      <Properties>
        <Property-Data>
          <PropertyName source="din_mk">J22</PropertyName>
          <Value>Vollhartmetallwerkzeuge, Stahl-, Edelstahl- und Ti</Value>
        </Property-Data>
        <Property-Data>
          <PropertyName source="din_mk">J3</PropertyName>
          <Value>JO</Value>
        </Property-Data>
        <Property-Data>
          <PropertyName source="din_mk">J21</PropertyName>
          <Value>VHM 441W-12 Ti08</Value>
        </Property-Data>
        <Property-Data>
          <PropertyName source="din_mk">J6</PropertyName>
          <Value>ZYL01201005</Value>
        </Property-Data>
        <Property-Data>
          <PropertyName source="din_mk">F8</PropertyName>
          <Value>1</Value>
        </Property-Data>
        <Property-Data>
          <PropertyName source="din_mk">NSM</PropertyName>
          <Value>DIN4000-82</Value>
        </Property-Data>
        <Property-Data>
          <PropertyName source="din_mk">BLD</PropertyName>
          <Value>1</Value>
        </Property-Data>
        <Property-Data>
          <PropertyName source="din_mk">A1</PropertyName>
          <Value>12</Value>
        </Property-Data>
        <Property-Data>
          <PropertyName source="din_mk">A5</PropertyName>
          <Value>11,6</Value>
        </Property-Data>
        <Property-Data>
          <PropertyName source="din_mk">B2</PropertyName>
          <Value>25</Value>
        </Property-Data>
        <Property-Data>
          <PropertyName source="din_mk">B3</PropertyName>
          <Value>39</Value>
        </Property-Data>
        <Property-Data>
          <PropertyName source="din_mk">B5</PropertyName>
          <Value>84</Value>
        </Property-Data>
        <Property-Data>
          <PropertyName source="din_mk">C11</PropertyName>
          <Value>ZYL</Value>
        </Property-Data>
        <Property-Data>
          <PropertyName source="din_mk">C12</PropertyName>
          <Value>10</Value>
        </Property-Data>
        <Property-Data>
          <PropertyName source="din_mk">C14</PropertyName>
          <Value>0</Value>
        </Property-Data>
        <Property-Data>
          <PropertyName source="din_mk">C15</PropertyName>
          <Value>5</Value>
        </Property-Data>
        <Property-Data>
          <PropertyName source="din_mk">C2</PropertyName>
          <Value>0120</Value>
        </Property-Data>
        <Property-Data>
          <PropertyName source="din_mk">C3</PropertyName>
          <Value>12</Value>
        </Property-Data>
        <Property-Data>
          <PropertyName source="din_mk">C31</PropertyName>
          <Value>h6</Value>
        </Property-Data>
        <Property-Data>
          <PropertyName source="din_mk">C4</PropertyName>
          <Value>45</Value>
        </Property-Data>
        <Property-Data>
          <PropertyName source="din_mk">DIM</PropertyName>
          <Value>0</Value>
        </Property-Data>
        <Property-Data>
          <PropertyName source="din_mk">E2</PropertyName>
          <Value>2</Value>
        </Property-Data>
        <Property-Data>
          <PropertyName source="din_mk">E3</PropertyName>
          <Value>12</Value>
        </Property-Data>
        <Property-Data>
          <PropertyName source="din_mk">F1</PropertyName>
          <Value>R</Value>
        </Property-Data>
        <Property-Data>
          <PropertyName source="din_mk">F21</PropertyName>
          <Value>4</Value>
        </Property-Data>
        <Property-Data>
          <PropertyName source="din_mk">F3</PropertyName>
          <Value>R</Value>
        </Property-Data>
        <Property-Data>
          <PropertyName source="din_mk">F4</PropertyName>
          <Value>42</Value>
        </Property-Data>
        <Property-Data>
          <PropertyName source="din_mk">G2</PropertyName>
          <Value>0,28</Value>
        </Property-Data>
        <Property-Data>
          <PropertyName source="din_mk">G3</PropertyName>
          <Value>45</Value>
        </Property-Data>
        <Property-Data>
          <PropertyName source="din_mk">H11</PropertyName>
          <Value>HC-K20</Value>
        </Property-Data>
        <Property-Data>
          <PropertyName source="din_mk">H21</PropertyName>
          <Value>0</Value>
        </Property-Data>
        <Property-Data>
          <PropertyName source="din_mk">H22</PropertyName>
          <Value>0</Value>
        </Property-Data>
        <Property-Data>
          <PropertyName source="din_mk">H3</PropertyName>
          <Value>Ti08</Value>
        </Property-Data>
        <Property-Data>
          <PropertyName source="din_mk">H5</PropertyName>
          <Value>TiALN / TiALSiN</Value>
        </Property-Data>
        <Property-Data>
          <PropertyName source="din_mk">J7</PropertyName>
          <Value>0</Value>
        </Property-Data>
        <Property-Data>
          <PropertyName source="din_mk">Has3D</PropertyName>
          <Value>1</Value>
        </Property-Data>
      </Properties>
    </DIN4000-Data>
    <ISO13399-Data>
      <Category>
        <Category-Data>
          <Source>ISO13399-unknown</Source>
          <Level>1</Level>
          <Value />
        </Category-Data>
        <Category-Data>
          <Source>ISO13399</Source>
          <Level>2</Level>
          <Value>unknown</Value>
        </Category-Data>
      </Category>
      <Properties>
        <Property-Data>
          <PropertyName source="iso_ps">IDNR</PropertyName>
          <Value>VHM 441W-12 Ti08</Value>
        </Property-Data>
        <Property-Data>
          <PropertyName source="iso_ps">COMPC</PropertyName>
          <Value>JO</Value>
        </Property-Data>
      </Properties>
    </ISO13399-Data>
  </Tool>
</Tool-Data>
