﻿<?xml version="1.0" encoding="utf-8"?>
<!DOCTYPE Tool-Data SYSTEM "https://www.toolsunited.com/DIN_4000_Schema_2021.dtd">
<Tool-Data>
  <TimeStamp>2023-12-14T22:33:58+01:00</TimeStamp>
  <Tool>
    <Main-Data>
      <NormVersionTransfer102>2021-05</NormVersionTransfer102>
      <Manufacturer>JO</Manufacturer>
      <PrimaryId>BW-14-42-20-04</PrimaryId>
      <Supplier>JO</Supplier>
      <CustomerMaterialId>BW-14-42-20-04</CustomerMaterialId>
      <Note>Generated by CIMSOURCE: 14.12.2023 22:33:58</Note>
    </Main-Data>
    <DIN4000-Data>
      <Category>
        <NormVersionSML>2011-03</NormVersionSML>
        <Category-Data>
          <Source>DIN</Source>
          <Level>1</Level>
          <PropertyName source="din_mk">NSM</PropertyName>
          <Value>DIN4000-86</Value>
        </Category-Data>
        <Category-Data>
          <Source>DIN</Source>
          <Level>2</Level>
          <PropertyName source="din_mk">BLD</PropertyName>
          <Value>1</Value>
        </Category-Data>
      </Category>
      <Properties>
        <Property-Data>
          <PropertyName source="din_mk">J22</PropertyName>
          <Value>Schaftbohrer 3xD</Value>
        </Property-Data>
        <Property-Data>
          <PropertyName source="din_mk">J3</PropertyName>
          <Value>JO</Value>
        </Property-Data>
        <Property-Data>
          <PropertyName source="din_mk">J21</PropertyName>
          <Value>BW-14-42-20-04</Value>
        </Property-Data>
        <Property-Data>
          <PropertyName source="din_mk">J44</PropertyName>
          <Value>JO-D01</Value>
        </Property-Data>
        <Property-Data>
          <PropertyName source="din_mk">J41</PropertyName>
          <Value>JO-D01</Value>
        </Property-Data>
        <Property-Data>
          <PropertyName source="din_mk">J51</PropertyName>
          <Value>JO-D01</Value>
        </Property-Data>
        <Property-Data>
          <PropertyName source="din_mk">J6</PropertyName>
          <Value>ZYL02001015</Value>
        </Property-Data>
        <Property-Data>
          <PropertyName source="din_mk">F8</PropertyName>
          <Value>1</Value>
        </Property-Data>
        <Property-Data>
          <PropertyName source="din_mk">NSM</PropertyName>
          <Value>DIN4000-86</Value>
        </Property-Data>
        <Property-Data>
          <PropertyName source="din_mk">BLD</PropertyName>
          <Value>1</Value>
        </Property-Data>
        <Property-Data>
          <PropertyName source="din_mk">A11</PropertyName>
          <Value>14</Value>
        </Property-Data>
        <Property-Data>
          <PropertyName source="din_mk">A1A</PropertyName>
          <Value>90</Value>
        </Property-Data>
        <Property-Data>
          <PropertyName source="din_mk">A1B</PropertyName>
          <Value>90</Value>
        </Property-Data>
        <Property-Data>
          <PropertyName source="din_mk">A2A</PropertyName>
          <Value>7,5</Value>
        </Property-Data>
        <Property-Data>
          <PropertyName source="din_mk">A2B</PropertyName>
          <Value>7,5</Value>
        </Property-Data>
        <Property-Data>
          <PropertyName source="din_mk">ANGLE_BOND</PropertyName>
          <Value>33,2</Value>
        </Property-Data>
        <Property-Data>
          <PropertyName source="din_mk">B1A</PropertyName>
          <Value>4,9</Value>
        </Property-Data>
        <Property-Data>
          <PropertyName source="din_mk">B1B</PropertyName>
          <Value>4,9</Value>
        </Property-Data>
        <Property-Data>
          <PropertyName source="din_mk">B3</PropertyName>
          <Value>69</Value>
        </Property-Data>
        <Property-Data>
          <PropertyName source="din_mk">B3A</PropertyName>
          <Value>4,9</Value>
        </Property-Data>
        <Property-Data>
          <PropertyName source="din_mk">B3B</PropertyName>
          <Value>4,9</Value>
        </Property-Data>
        <Property-Data>
          <PropertyName source="din_mk">B4</PropertyName>
          <Value>42</Value>
        </Property-Data>
        <Property-Data>
          <PropertyName source="din_mk">B5</PropertyName>
          <Value>119</Value>
        </Property-Data>
        <Property-Data>
          <PropertyName source="din_mk">B6</PropertyName>
          <Value>60</Value>
        </Property-Data>
        <Property-Data>
          <PropertyName source="din_mk">B7</PropertyName>
          <Value>0</Value>
        </Property-Data>
        <Property-Data>
          <PropertyName source="din_mk">B71</PropertyName>
          <Value>69</Value>
        </Property-Data>
        <Property-Data>
          <PropertyName source="din_mk">BLDA</PropertyName>
          <Value>2</Value>
        </Property-Data>
        <Property-Data>
          <PropertyName source="din_mk">BLDB</PropertyName>
          <Value>2</Value>
        </Property-Data>
        <Property-Data>
          <PropertyName source="din_mk">C11</PropertyName>
          <Value>ZYL</Value>
        </Property-Data>
        <Property-Data>
          <PropertyName source="din_mk">C12</PropertyName>
          <Value>10</Value>
        </Property-Data>
        <Property-Data>
          <PropertyName source="din_mk">C14</PropertyName>
          <Value>1</Value>
        </Property-Data>
        <Property-Data>
          <PropertyName source="din_mk">C15</PropertyName>
          <Value>5</Value>
        </Property-Data>
        <Property-Data>
          <PropertyName source="din_mk">C1A</PropertyName>
          <Value>1,8</Value>
        </Property-Data>
        <Property-Data>
          <PropertyName source="din_mk">C1B</PropertyName>
          <Value>1,8</Value>
        </Property-Data>
        <Property-Data>
          <PropertyName source="din_mk">C2</PropertyName>
          <Value>0200</Value>
        </Property-Data>
        <Property-Data>
          <PropertyName source="din_mk">C3</PropertyName>
          <Value>20</Value>
        </Property-Data>
        <Property-Data>
          <PropertyName source="din_mk">C31</PropertyName>
          <Value>h6</Value>
        </Property-Data>
        <Property-Data>
          <PropertyName source="din_mk">C4</PropertyName>
          <Value>50</Value>
        </Property-Data>
        <Property-Data>
          <PropertyName source="din_mk">D11</PropertyName>
          <Value>1</Value>
        </Property-Data>
        <Property-Data>
          <PropertyName source="din_mk">D1A</PropertyName>
          <Value>0,4</Value>
        </Property-Data>
        <Property-Data>
          <PropertyName source="din_mk">D1B</PropertyName>
          <Value>0,4</Value>
        </Property-Data>
        <Property-Data>
          <PropertyName source="din_mk">D51</PropertyName>
          <Value>0</Value>
        </Property-Data>
        <Property-Data>
          <PropertyName source="din_mk">D9</PropertyName>
          <Value>0</Value>
        </Property-Data>
        <Property-Data>
          <PropertyName source="din_mk">DIAMETER_BOND</PropertyName>
          <Value>30</Value>
        </Property-Data>
        <Property-Data>
          <PropertyName source="din_mk">DIM</PropertyName>
          <Value>0</Value>
        </Property-Data>
        <Property-Data>
          <PropertyName source="din_mk">E1</PropertyName>
          <Value>180</Value>
        </Property-Data>
        <Property-Data>
          <PropertyName source="din_mk">F1</PropertyName>
          <Value>R</Value>
        </Property-Data>
        <Property-Data>
          <PropertyName source="din_mk">FLUTE_HELIX</PropertyName>
          <Value>12,5</Value>
        </Property-Data>
        <Property-Data>
          <PropertyName source="din_mk">Flute_Helix_Direction</PropertyName>
          <Value>R</Value>
        </Property-Data>
        <Property-Data>
          <PropertyName source="din_mk">G11</PropertyName>
          <Value>S</Value>
        </Property-Data>
        <Property-Data>
          <PropertyName source="din_mk">H21</PropertyName>
          <Value>1</Value>
        </Property-Data>
        <Property-Data>
          <PropertyName source="din_mk">H22</PropertyName>
          <Value>4</Value>
        </Property-Data>
        <Property-Data>
          <PropertyName source="din_mk">H4</PropertyName>
          <Value>S</Value>
        </Property-Data>
        <Property-Data>
          <PropertyName source="din_mk">ISISO_A</PropertyName>
          <Value>0</Value>
        </Property-Data>
        <Property-Data>
          <PropertyName source="din_mk">ISISO_B</PropertyName>
          <Value>0</Value>
        </Property-Data>
        <Property-Data>
          <PropertyName source="din_mk">J42</PropertyName>
          <Value>BP 0402</Value>
        </Property-Data>
        <Property-Data>
          <PropertyName source="din_mk">J52</PropertyName>
          <Value>BP 0402</Value>
        </Property-Data>
        <Property-Data>
          <PropertyName source="din_mk">J7</PropertyName>
          <Value>0</Value>
        </Property-Data>
        <Property-Data>
          <PropertyName source="din_mk">LENGTH_BOND</PropertyName>
          <Value>18,7</Value>
        </Property-Data>
        <Property-Data>
          <PropertyName source="din_mk">NUMBER_FLUTES</PropertyName>
          <Value>2</Value>
        </Property-Data>
        <Property-Data>
          <PropertyName source="din_mk">NUMBER_INSERTS_INSIDE</PropertyName>
          <Value>1</Value>
        </Property-Data>
        <Property-Data>
          <PropertyName source="din_mk">NUMBER_INSERTS_OUTSIDE</PropertyName>
          <Value>1</Value>
        </Property-Data>
        <Property-Data>
          <PropertyName source="din_mk">Has3D</PropertyName>
          <Value>1</Value>
        </Property-Data>
        <Property-Data>
          <PropertyName source="din_mk">J8</PropertyName>
          <Value>BVB</Value>
        </Property-Data>
      </Properties>
    </DIN4000-Data>
    <ISO13399-Data>
      <Category>
        <Category-Data>
          <Source>ISO13399-unknown</Source>
          <Level>1</Level>
          <Value />
        </Category-Data>
        <Category-Data>
          <Source>ISO13399</Source>
          <Level>2</Level>
          <Value>unknown</Value>
        </Category-Data>
      </Category>
      <Properties>
        <Property-Data>
          <PropertyName source="iso_ps">IDNR</PropertyName>
          <Value>BW-14-42-20-04</Value>
        </Property-Data>
        <Property-Data>
          <PropertyName source="iso_ps">COMPC</PropertyName>
          <Value>JO</Value>
        </Property-Data>
      </Properties>
    </ISO13399-Data>
  </Tool>
</Tool-Data>
